"source","term_name","term_id","highlighted","adjusted_p_value","negative_log10_of_adjusted_p_value","term_size","query_size","intersection_size","effective_domain_size","intersections"
"GO:MF","protein kinase regulator activity","GO:0019887","true","0.008001529242019417","2.0968270032703615","239","29","5","20195","CCNE1,CCNG1,CXCL10,TGFB1,KRAS"
"GO:MF","BH3 domain binding","GO:0051434","true","0.011358755544154494","1.944669246962305","6","29","2","20195","BCL2,BAX"
"GO:MF","kinase regulator activity","GO:0019207","false","0.013359787252889692","1.8742004577011702","266","29","5","20195","CCNE1,CCNG1,CXCL10,TGFB1,KRAS"
"GO:MF","DNA-binding transcription factor binding","GO:0140297","true","0.022065966226999238","1.6562770508650295","489","29","6","20195","BCL2,GTF2B,CD34,STAT3,KLF4,SIRT2"
"GO:MF","BH domain binding","GO:0051400","false","0.027188204129370314","1.5656194780492345","9","29","2","20195","BCL2,BAX"
"GO:MF","identical protein binding","GO:0042802","true","0.03896645244337883","1.4093091311433024","2136","29","11","20195","CDH1,BCL2,PTEN,VIM,XRN2,BAX,VEGFA,MMP9,STAT3,TGFB1,KRAS"
"GO:MF","death domain binding","GO:0070513","false","0.04971194370904158","1.3035392558590249","12","29","2","20195","BCL2,BAX"
"GO:BP","cell development","GO:0048468","true","7.087584051895562e-10","9.149501777755757","2763","29","21","21110","CDH1,BCL2,PDCD4,RAB21,PTEN,BTG2,ADAM17,VIM,CD34,BAX,MMP2,VEGFA,MMP9,ELAVL4,STAT3,KLF4,CUX1,TGFB1,SIRT2,STAU1,KRAS"
"GO:BP","system development","GO:0048731","false","5.503682699165971e-9","8.259346612195067","3987","29","23","21110","CDH1,BCL2,PDCD4,RAB21,PTEN,BTG2,CCNG1,ADAM17,VIM,XRN2,CD34,BAX,MMP2,VEGFA,MMP9,ELAVL4,STAT3,KLF4,CUX1,CXCL10,TGFB1,SIRT2,KRAS"
"GO:BP","animal organ development","GO:0048513","false","8.31716685839442e-9","8.080024585645019","3128","29","21","21110","CDH1,BCL2,PDCD4,PTEN,BTG2,CCNG1,ADAM17,VIM,XRN2,CD34,BAX,MMP2,VEGFA,MMP9,ELAVL4,STAT3,KLF4,CXCL10,TGFB1,SIRT2,KRAS"
"GO:BP","neurogenesis","GO:0022008","false","8.890729951871068e-9","8.051062580868317","1705","29","17","21110","CDH1,BCL2,RAB21,PTEN,BTG2,VIM,XRN2,BAX,MMP2,VEGFA,ELAVL4,STAT3,KLF4,CUX1,TGFB1,SIRT2,KRAS"
"GO:BP","regulation of protein metabolic process","GO:0051246","false","2.4915352007773322e-8","7.603532972672992","2496","29","19","21110","CDH1,BCL2,PDCD4,PTEN,CCNE1,BTG2,CCNG1,ADAM17,VIM,BAX,VEGFA,MMP9,ELAVL4,STAT3,KLF4,TGFB1,SIRT2,EIF5A2,KRAS"
"GO:BP","cell differentiation","GO:0030154","false","3.0993619521966895e-8","7.5087277026692005","4318","29","23","21110","CDH1,BCL2,PDCD4,RAB21,PTEN,BTG2,ADAM17,VIM,XRN2,CD34,BAX,MMP2,VEGFA,MMP9,ELAVL4,STAT3,KLF4,CUX1,CXCL10,TGFB1,SIRT2,STAU1,KRAS"
"GO:BP","cellular developmental process","GO:0048869","false","3.5283492375042357e-8","7.4524284347606145","4344","29","23","21110","CDH1,BCL2,PDCD4,RAB21,PTEN,BTG2,ADAM17,VIM,XRN2,CD34,BAX,MMP2,VEGFA,MMP9,ELAVL4,STAT3,KLF4,CUX1,CXCL10,TGFB1,SIRT2,STAU1,KRAS"
"GO:BP","regulation of cell differentiation","GO:0045595","false","3.816811806604821e-8","7.418299253037007","1568","29","16","21110","CDH1,BCL2,PDCD4,RAB21,PTEN,BTG2,CD34,VEGFA,MMP9,STAT3,KLF4,CUX1,CXCL10,TGFB1,SIRT2,KRAS"
"GO:BP","regulation of cell death","GO:0010941","false","8.081294698610837e-8","7.092519055633987","1648","29","16","21110","BCL2,PDCD4,PTEN,BTG2,CCNG1,ADAM17,CD34,BAX,MMP2,VEGFA,MMP9,KLF4,CXCL10,TGFB1,SIRT2,KRAS"
"GO:BP","anatomical structure morphogenesis","GO:0009653","false","1.0865266292275979e-7","6.963959625270855","2712","29","19","21110","CDH1,BCL2,PDCD4,RAB21,PTEN,CCNG1,ADAM17,CD34,BAX,MMP2,VEGFA,MMP9,ELAVL4,STAT3,KLF4,CUX1,CXCL10,TGFB1,KRAS"
"GO:BP","cell population proliferation","GO:0008283","false","1.0883533432388456e-7","6.963230084319908","1994","29","17","21110","BCL2,PDCD4,PTEN,CCNE1,BTG2,ADAM17,CD34,BAX,MMP2,VEGFA,MMP9,STAT3,KLF4,CXCL10,TGFB1,SIRT2,KRAS"
"GO:BP","regulation of cell population proliferation","GO:0042127","false","1.0985290410114324e-7","6.959188457465091","1682","29","16","21110","BCL2,PDCD4,PTEN,CCNE1,BTG2,ADAM17,BAX,MMP2,VEGFA,MMP9,STAT3,KLF4,CXCL10,TGFB1,SIRT2,KRAS"
"GO:BP","response to abiotic stimulus","GO:0009628","false","1.1487028519506409e-7","6.939792300683422","1146","29","14","21110","BCL2,PTEN,BTG2,CCNG1,ADAM17,CD34,BAX,MMP2,VEGFA,MMP9,CXCL10,TGFB1,SIRT2,KRAS"
"GO:BP","negative regulation of developmental process","GO:0051093","false","1.3094920947306542e-7","6.882897119022038","927","29","13","21110","CDH1,BCL2,PDCD4,PTEN,BTG2,VEGFA,MMP9,STAT3,KLF4,CXCL10,TGFB1,SIRT2,KRAS"
"GO:BP","multicellular organism development","GO:0007275","false","1.584331957643189e-7","6.80015381752667","4658","29","23","21110","CDH1,BCL2,PDCD4,RAB21,PTEN,BTG2,CCNG1,ADAM17,VIM,XRN2,CD34,BAX,MMP2,VEGFA,MMP9,ELAVL4,STAT3,KLF4,CUX1,CXCL10,TGFB1,SIRT2,KRAS"
"GO:BP","regulation of apoptotic process","GO:0042981","false","2.0096126450677709e-7","6.696887645226995","1459","29","15","21110","BCL2,PDCD4,PTEN,BTG2,CCNG1,ADAM17,BAX,MMP2,VEGFA,MMP9,KLF4,CXCL10,TGFB1,SIRT2,KRAS"
"GO:BP","negative regulation of cellular process","GO:0048523","false","2.441977134332848e-7","6.612258406926583","4753","29","23","21110","CDH1,BCL2,PDCD4,PTEN,CCNE1,BTG2,CCNG1,ADAM17,TGIF1,VIM,CD34,BAX,MMP2,VEGFA,MMP9,ELAVL4,STAT3,KLF4,CUX1,CXCL10,TGFB1,SIRT2,KRAS"
"GO:BP","generation of neurons","GO:0048699","false","2.6521089122964776e-7","6.57640864503418","1488","29","15","21110","CDH1,BCL2,RAB21,PTEN,BTG2,VIM,XRN2,BAX,MMP2,VEGFA,ELAVL4,STAT3,KLF4,CUX1,TGFB1"
"GO:BP","regulation of programmed cell death","GO:0043067","false","2.728411219810115e-7","6.56409017322548","1491","29","15","21110","BCL2,PDCD4,PTEN,BTG2,CCNG1,ADAM17,BAX,MMP2,VEGFA,MMP9,KLF4,CXCL10,TGFB1,SIRT2,KRAS"
"GO:BP","regulation of developmental process","GO:0050793","false","2.974529462817477e-7","6.5265817250158085","2482","29","18","21110","CDH1,BCL2,PDCD4,RAB21,PTEN,BTG2,CD34,BAX,VEGFA,MMP9,ELAVL4,STAT3,KLF4,CUX1,CXCL10,TGFB1,SIRT2,KRAS"
"GO:BP","nervous system development","GO:0007399","false","4.5766354157490664e-7","6.339453682992173","2547","29","18","21110","CDH1,BCL2,RAB21,PTEN,BTG2,CCNG1,VIM,XRN2,BAX,MMP2,VEGFA,ELAVL4,STAT3,KLF4,CUX1,TGFB1,SIRT2,KRAS"
"GO:BP","positive regulation of cellular process","GO:0048522","false","7.418429827491053e-7","6.129688007041447","5615","29","24","21110","CDH1,BCL2,PDCD4,RAB21,PTEN,CCNE1,BTG2,ADAM17,VIM,CD34,BAX,MMP2,VEGFA,MMP9,ELAVL4,STAT3,KLF4,CUX1,CXCL10,TGFB1,SIRT2,EIF5A2,STAU1,KRAS"
"GO:BP","head development","GO:0060322","false","8.06404935547419e-7","6.093446822820115","848","29","12","21110","CDH1,BCL2,PTEN,BTG2,CCNG1,XRN2,BAX,MMP2,ELAVL4,TGFB1,SIRT2,KRAS"
"GO:BP","central nervous system development","GO:0007417","false","9.884017359784564e-7","6.005066500496585","1092","29","13","21110","CDH1,BCL2,PTEN,BTG2,CCNG1,VIM,XRN2,BAX,ELAVL4,STAT3,TGFB1,SIRT2,KRAS"
"GO:BP","negative regulation of cell differentiation","GO:0045596","false","0.0000012821206283833187","5.892071112276886","679","29","11","21110","CDH1,PDCD4,PTEN,BTG2,VEGFA,MMP9,STAT3,CXCL10,TGFB1,SIRT2,KRAS"
"GO:BP","tissue development","GO:0009888","false","0.000001541013602924358","5.812193527635304","2008","29","16","21110","BCL2,PDCD4,PTEN,BTG2,ADAM17,VIM,CD34,BAX,MMP2,VEGFA,MMP9,KLF4,CXCL10,TGFB1,SIRT2,KRAS"
"GO:BP","developmental process","GO:0032502","false","0.0000015839658964615035","5.80025417321245","6489","29","25","21110","CDH1,BCL2,PDCD4,RAB21,PTEN,BTG2,CCNG1,ADAM17,VIM,XRN2,CD34,BAX,MMP2,VEGFA,MMP9,ELAVL4,STAT3,KLF4,CUX1,CXCL10,TGFB1,SIRT2,EIF5A2,STAU1,KRAS"
"GO:BP","regulation of multicellular organismal development","GO:2000026","false","0.0000017171531215130935","5.765190976322393","1407","29","14","21110","CDH1,RAB21,PTEN,BTG2,CD34,VEGFA,MMP9,STAT3,KLF4,CUX1,CXCL10,TGFB1,SIRT2,KRAS"
"GO:BP","anatomical structure development","GO:0048856","false","0.0000022021273873555747","5.657157561828665","5896","29","24","21110","CDH1,BCL2,PDCD4,RAB21,PTEN,BTG2,CCNG1,ADAM17,VIM,XRN2,CD34,BAX,MMP2,VEGFA,MMP9,ELAVL4,STAT3,KLF4,CUX1,CXCL10,TGFB1,SIRT2,STAU1,KRAS"
"GO:BP","regulation of neurogenesis","GO:0050767","false","0.0000022961065087268074","5.639007970333526","379","29","9","21110","CDH1,RAB21,PTEN,BTG2,VEGFA,CUX1,TGFB1,SIRT2,KRAS"
"GO:BP","negative regulation of biological process","GO:0048519","false","0.0000025209640013227334","5.598433355885838","5932","29","24","21110","CDH1,BCL2,PDCD4,PTEN,CCNE1,BTG2,CCNG1,ADAM17,TGIF1,VIM,XRN2,CD34,BAX,MMP2,VEGFA,MMP9,ELAVL4,STAT3,KLF4,CUX1,CXCL10,TGFB1,SIRT2,KRAS"
"GO:BP","cell death","GO:0008219","false","0.0000036515804550632207","5.4375191261316465","2129","29","16","21110","BCL2,PDCD4,PTEN,BTG2,CCNG1,ADAM17,CD34,BAX,MMP2,VEGFA,MMP9,KLF4,CXCL10,TGFB1,SIRT2,KRAS"
"GO:BP","epithelium development","GO:0060429","false","0.000004269064668275443","5.369667266404191","1231","29","13","21110","BCL2,PTEN,ADAM17,VIM,CD34,BAX,MMP2,VEGFA,MMP9,KLF4,CXCL10,TGFB1,KRAS"
"GO:BP","regulation of cellular metabolic process","GO:0031323","false","0.000005278696865057818","5.2774732771186965","5493","29","23","21110","CDH1,BCL2,PDCD4,PTEN,CCNE1,BTG2,CCNG1,ADAM17,TGIF1,VIM,CD34,BAX,VEGFA,MMP9,ELAVL4,STAT3,KLF4,CUX1,CXCL10,TGFB1,SIRT2,EIF5A2,KRAS"
"GO:BP","regulation of multicellular organismal process","GO:0051239","false","0.00000764243540539078","5.116768223285668","3021","29","18","21110","CDH1,BCL2,PDCD4,RAB21,PTEN,BTG2,ADAM17,CD34,MMP2,VEGFA,MMP9,STAT3,KLF4,CUX1,CXCL10,TGFB1,SIRT2,KRAS"
"GO:BP","apoptotic process","GO:0006915","false","0.000008288396422135135","5.0815294854187565","1905","29","15","21110","BCL2,PDCD4,PTEN,BTG2,CCNG1,ADAM17,BAX,MMP2,VEGFA,MMP9,KLF4,CXCL10,TGFB1,SIRT2,KRAS"
"GO:BP","regulation of nitrogen compound metabolic process","GO:0051171","false","0.00000998035867522866","5.00085385070927","5662","29","23","21110","CDH1,BCL2,PDCD4,PTEN,CCNE1,BTG2,CCNG1,ADAM17,TGIF1,VIM,CD34,BAX,VEGFA,MMP9,ELAVL4,STAT3,KLF4,CUX1,CXCL10,TGFB1,SIRT2,EIF5A2,KRAS"
"GO:BP","regulation of cell development","GO:0060284","false","0.000011168698239748783","4.951997442841368","835","29","11","21110","CDH1,BCL2,RAB21,PTEN,BTG2,VEGFA,STAT3,CUX1,TGFB1,SIRT2,KRAS"
"GO:BP","cellular response to stress","GO:0033554","false","0.000011345937241113325","4.9451596230199995","1949","29","15","21110","BCL2,PDCD4,PTEN,BTG2,CCNG1,CD34,BAX,MMP2,VEGFA,MMP9,ELAVL4,KLF4,CXCL10,SIRT2,STAU1"
"GO:BP","positive regulation of biological process","GO:0048518","false","0.000011684255998534235","4.932398936332788","6358","29","24","21110","CDH1,BCL2,PDCD4,RAB21,PTEN,CCNE1,BTG2,ADAM17,VIM,CD34,BAX,MMP2,VEGFA,MMP9,ELAVL4,STAT3,KLF4,CUX1,CXCL10,TGFB1,SIRT2,EIF5A2,STAU1,KRAS"
"GO:BP","programmed cell death","GO:0012501","false","0.000012343571093203591","4.9085591772795745","1961","29","15","21110","BCL2,PDCD4,PTEN,BTG2,CCNG1,ADAM17,BAX,MMP2,VEGFA,MMP9,KLF4,CXCL10,TGFB1,SIRT2,KRAS"
"GO:BP","negative regulation of metabolic process","GO:0009892","false","0.000012398438401587525","4.906633011312067","3559","29","19","21110","BCL2,PDCD4,PTEN,CCNE1,BTG2,ADAM17,TGIF1,VIM,XRN2,CD34,BAX,VEGFA,MMP9,ELAVL4,STAT3,KLF4,CUX1,TGFB1,SIRT2"
"GO:BP","regulation of nervous system development","GO:0051960","false","0.000012681299223361354","4.896836249874507","461","29","9","21110","CDH1,RAB21,PTEN,BTG2,VEGFA,CUX1,TGFB1,SIRT2,KRAS"
"GO:BP","negative regulation of multicellular organismal process","GO:0051241","false","0.00001697161275573866","4.770276886165645","1110","29","12","21110","CDH1,BCL2,PDCD4,PTEN,BTG2,ADAM17,CD34,MMP2,KLF4,CXCL10,TGFB1,SIRT2"
"GO:BP","neuron differentiation","GO:0030182","false","0.000022960810897937326","4.6390127781956325","1415","29","13","21110","CDH1,BCL2,RAB21,PTEN,BTG2,VIM,XRN2,MMP2,VEGFA,ELAVL4,STAT3,KLF4,CUX1"
"GO:BP","response to endogenous stimulus","GO:0009719","false","0.000023166100881902127","4.635147056756962","1720","29","14","21110","CDH1,BCL2,PDCD4,FMOD,BTG2,ADAM17,VIM,MMP2,VEGFA,ELAVL4,STAT3,KLF4,TGFB1,SIRT2"
"GO:BP","regulation of cellular component organization","GO:0051128","false","0.000030388922655925126","4.517284696197794","2462","29","16","21110","CDH1,BCL2,RAB21,PTEN,ADAM17,VIM,BAX,VEGFA,MMP9,ELAVL4,KLF4,CUX1,CXCL10,TGFB1,SIRT2,EIF5A2"
"GO:BP","positive regulation of protein metabolic process","GO:0051247","false","0.000031027493507947784","4.5082533065825885","1451","29","13","21110","BCL2,PTEN,ADAM17,VIM,BAX,VEGFA,MMP9,STAT3,KLF4,TGFB1,SIRT2,EIF5A2,KRAS"
"GO:BP","regulation of cell migration","GO:0030334","false","0.00003295101220262076","4.482131240030188","927","29","11","21110","CDH1,BCL2,PTEN,ADAM17,MMP2,VEGFA,MMP9,STAT3,KLF4,CXCL10,TGFB1"
"GO:BP","response to oxygen-containing compound","GO:1901700","false","0.00004028283578193681","4.3948799641090615","1796","29","14","21110","CDH1,BCL2,PDCD4,BTG2,ADAM17,VIM,MMP2,MMP9,ELAVL4,STAT3,KLF4,CXCL10,TGFB1,SIRT2"
"GO:BP","morphogenesis of an epithelium","GO:0002009","false","0.000040325190659523906","4.394423570568055","527","29","9","21110","BCL2,PTEN,ADAM17,MMP2,VEGFA,KLF4,CXCL10,TGFB1,KRAS"
"GO:BP","positive regulation of cell population proliferation","GO:0008284","false","0.00004476412814559239","4.349069869682085","955","29","11","21110","BCL2,PTEN,CCNE1,ADAM17,MMP2,VEGFA,MMP9,STAT3,CXCL10,TGFB1,KRAS"
"GO:BP","cell migration","GO:0016477","false","0.00004801015397177661","4.318666901217134","1505","29","13","21110","CDH1,BCL2,PTEN,ADAM17,CD34,BAX,MMP2,VEGFA,MMP9,STAT3,KLF4,CXCL10,TGFB1"
"GO:BP","regulation of macromolecule metabolic process","GO:0060255","false","0.00005364941870659043","4.2704349792690985","6816","29","24","21110","CDH1,BCL2,PDCD4,PTEN,CCNE1,BTG2,CCNG1,ADAM17,TGIF1,VIM,XRN2,CD34,BAX,VEGFA,MMP9,ELAVL4,STAT3,KLF4,CUX1,CXCL10,TGFB1,SIRT2,EIF5A2,KRAS"
"GO:BP","negative regulation of cellular metabolic process","GO:0031324","false","0.00005706777499192607","4.243609059772158","2194","29","15","21110","BCL2,PDCD4,PTEN,CCNE1,BTG2,TGIF1,CD34,BAX,VEGFA,ELAVL4,STAT3,KLF4,CUX1,TGFB1,SIRT2"
"GO:BP","regulation of cell motility","GO:2000145","false","0.00006344928788196268","4.197573247811508","988","29","11","21110","CDH1,BCL2,PTEN,ADAM17,MMP2,VEGFA,MMP9,STAT3,KLF4,CXCL10,TGFB1"
"GO:BP","neuron projection development","GO:0031175","false","0.00006477853383664422","4.1885688858081025","990","29","11","21110","CDH1,BCL2,RAB21,PTEN,BTG2,VIM,MMP2,VEGFA,ELAVL4,KLF4,CUX1"
"GO:BP","response to wounding","GO:0009611","false","0.00008652306381587229","4.062868110421479","576","29","9","21110","BCL2,PTEN,ADAM17,CD34,BAX,MMP2,VEGFA,KLF4,TGFB1"
"GO:BP","multicellular organismal process","GO:0032501","false","0.00008712648649346287","4.059849799190622","7716","29","25","21110","CDH1,BCL2,PDCD4,RAB21,PTEN,BTG2,CCNG1,ADAM17,VIM,XRN2,CD34,BAX,MMP2,VEGFA,MMP9,ELAVL4,STAT3,KLF4,CUX1,CXCL10,TGFB1,SIRT2,EIF5A2,STAU1,KRAS"
"GO:BP","eye development","GO:0001654","false","0.00009052580182410091","4.0432276197698265","404","29","8","21110","BCL2,VIM,XRN2,BAX,VEGFA,STAT3,KLF4,TGFB1"
"GO:BP","positive regulation of macromolecule metabolic process","GO:0010604","false","0.00009688586660256439","4.013739571805736","3535","29","18","21110","CDH1,BCL2,PTEN,BTG2,ADAM17,VIM,CD34,BAX,VEGFA,MMP9,ELAVL4,STAT3,KLF4,CXCL10,TGFB1,SIRT2,EIF5A2,KRAS"
"GO:BP","response to stress","GO:0006950","false","0.00009713064609062256","4.0126437224280185","4017","29","19","21110","BCL2,PDCD4,PTEN,BTG2,CCNG1,ADAM17,VIM,CD34,BAX,MMP2,VEGFA,MMP9,ELAVL4,STAT3,KLF4,CXCL10,TGFB1,SIRT2,STAU1"
"GO:BP","visual system development","GO:0150063","false","0.00009766634491754912","4.0102550650900906","408","29","8","21110","BCL2,VIM,XRN2,BAX,VEGFA,STAT3,KLF4,TGFB1"
"GO:BP","regulation of locomotion","GO:0040012","false","0.00010008655553232518","3.999624256689193","1033","29","11","21110","CDH1,BCL2,PTEN,ADAM17,MMP2,VEGFA,MMP9,STAT3,KLF4,CXCL10,TGFB1"
"GO:BP","regulation of response to external stimulus","GO:0032101","false","0.00010411532560194915","3.9824853383619785","1037","29","11","21110","BCL2,PDCD4,PTEN,ADAM17,CD34,BAX,VEGFA,MMP9,KLF4,CXCL10,SIRT2"
"GO:BP","brain development","GO:0007420","false","0.0001048664104630711","3.9793635974744515","798","29","10","21110","CDH1,BCL2,PTEN,BTG2,CCNG1,XRN2,BAX,ELAVL4,SIRT2,KRAS"
"GO:BP","positive regulation of developmental process","GO:0051094","false","0.00010697124993131744","3.97073292954777","1310","29","12","21110","BCL2,RAB21,CD34,BAX,VEGFA,ELAVL4,STAT3,KLF4,CUX1,TGFB1,SIRT2,KRAS"
"GO:BP","sensory system development","GO:0048880","false","0.00010928696429149458","3.9614316374455325","414","29","8","21110","BCL2,VIM,XRN2,BAX,VEGFA,STAT3,KLF4,TGFB1"
"GO:BP","cellular response to chemical stimulus","GO:0070887","false","0.00012847197488790362","3.891191599795413","2722","29","16","21110","CDH1,BCL2,PDCD4,ADAM17,VIM,CD34,BAX,MMP2,VEGFA,MMP9,STAT3,KLF4,CXCL10,TGFB1,SIRT2,STAU1"
"GO:BP","response to organonitrogen compound","GO:0010243","false","0.00013022165069368535","3.8853168038239003","1060","29","11","21110","CDH1,BCL2,BTG2,CCNG1,VIM,MMP2,MMP9,ELAVL4,STAT3,TGFB1,SIRT2"
"GO:BP","regulation of protein phosphorylation","GO:0001932","false","0.0001460391019898255","3.835530846237666","1072","29","11","21110","BCL2,PDCD4,PTEN,CCNE1,CCNG1,ADAM17,BAX,VEGFA,MMP9,SIRT2,KRAS"
"GO:BP","response to chemical","GO:0042221","false","0.00015111844888469528","3.8206825127640607","4124","29","19","21110","CDH1,BCL2,PDCD4,BTG2,CCNG1,ADAM17,VIM,CD34,BAX,MMP2,VEGFA,MMP9,ELAVL4,STAT3,KLF4,CXCL10,TGFB1,SIRT2,STAU1"
"GO:BP","negative regulation of nitrogen compound metabolic process","GO:0051172","false","0.000165155878274533","3.7821059641659645","2374","29","15","21110","PDCD4,PTEN,CCNE1,BTG2,TGIF1,CD34,BAX,VEGFA,MMP9,ELAVL4,STAT3,KLF4,CUX1,TGFB1,SIRT2"
"GO:BP","regulation of primary metabolic process","GO:0080090","false","0.00016595360885678323","3.780013298907409","5836","29","22","21110","CDH1,BCL2,PDCD4,PTEN,CCNE1,BTG2,CCNG1,ADAM17,TGIF1,VIM,BAX,VEGFA,MMP9,ELAVL4,STAT3,KLF4,CUX1,CXCL10,TGFB1,SIRT2,EIF5A2,KRAS"
"GO:BP","response to hypoxia","GO:0001666","false","0.000168111045018176","3.774403752159181","286","29","7","21110","BCL2,ADAM17,CD34,MMP2,VEGFA,TGFB1,SIRT2"
"GO:BP","response to organic substance","GO:0010033","false","0.0002010077074761967","3.696787289593413","2809","29","16","21110","CDH1,BCL2,PDCD4,BTG2,CCNG1,ADAM17,VIM,BAX,MMP2,MMP9,ELAVL4,STAT3,KLF4,CXCL10,TGFB1,SIRT2"
"GO:BP","tissue morphogenesis","GO:0048729","false","0.00020152628016750136","3.6956683113714304","636","29","9","21110","BCL2,PTEN,ADAM17,MMP2,VEGFA,KLF4,CXCL10,TGFB1,KRAS"
"GO:BP","regulation of neuron projection development","GO:0010975","false","0.00020380828884590277","3.690778157293114","449","29","8","21110","CDH1,RAB21,PTEN,VIM,VEGFA,ELAVL4,KLF4,CUX1"
"GO:BP","cell motility","GO:0048870","false","0.00021040923380715544","3.6769352050910187","1705","29","13","21110","CDH1,BCL2,PTEN,ADAM17,CD34,BAX,MMP2,VEGFA,MMP9,STAT3,KLF4,CXCL10,TGFB1"
"GO:BP","mitotic cell cycle phase transition","GO:0044772","false","0.0002256135570345938","3.646634807310968","455","29","8","21110","BCL2,PTEN,CCNE1,CCNG1,ADAM17,KLF4,TGFB1,SIRT2"
"GO:BP","response to decreased oxygen levels","GO:0036293","false","0.00022748204586266492","3.6430528745693747","299","29","7","21110","BCL2,ADAM17,CD34,MMP2,VEGFA,TGFB1,SIRT2"
"GO:BP","tube morphogenesis","GO:0035239","false","0.00022775722168473804","3.642527843605862","867","29","10","21110","BCL2,CD34,BAX,MMP2,VEGFA,STAT3,KLF4,CXCL10,TGFB1,KRAS"
"GO:BP","post-embryonic camera-type eye development","GO:0031077","false","0.000232011673930217","3.6344901625404633","8","29","3","21110","BAX,VEGFA,KLF4"
"GO:BP","regulation of cell cycle","GO:0051726","false","0.0002493388140801571","3.603210110470408","1130","29","11","21110","BCL2,PTEN,CCNE1,BTG2,CCNG1,ADAM17,BAX,STAT3,KLF4,TGFB1,SIRT2"
"GO:BP","homeostasis of number of cells","GO:0048872","false","0.0002546098953729339","3.5941247215686576","304","29","7","21110","BCL2,ADAM17,BAX,VEGFA,STAT3,TGFB1,KRAS"
"GO:BP","regulation of anatomical structure morphogenesis","GO:0022603","false","0.00026162024614322","3.5823286500723674","880","29","10","21110","CDH1,RAB21,PTEN,CD34,VEGFA,STAT3,KLF4,CUX1,CXCL10,TGFB1"
"GO:BP","response to nitrogen compound","GO:1901698","false","0.0002630706824775103","3.5799275485227646","1136","29","11","21110","CDH1,BCL2,BTG2,CCNG1,VIM,MMP2,MMP9,ELAVL4,STAT3,TGFB1,SIRT2"
"GO:BP","regulation of metabolic process","GO:0019222","false","0.00027115581288089484","3.566781080975762","7345","29","24","21110","CDH1,BCL2,PDCD4,PTEN,CCNE1,BTG2,CCNG1,ADAM17,TGIF1,VIM,XRN2,CD34,BAX,VEGFA,MMP9,ELAVL4,STAT3,KLF4,CUX1,CXCL10,TGFB1,SIRT2,EIF5A2,KRAS"
"GO:BP","neuron development","GO:0048666","false","0.0002824269886696616","3.5490938045385754","1144","29","11","21110","CDH1,BCL2,RAB21,PTEN,BTG2,VIM,MMP2,VEGFA,ELAVL4,KLF4,CUX1"
"GO:BP","cell surface receptor signaling pathway","GO:0007166","false","0.0003006646437693677","3.521917639138108","2890","29","16","21110","BCL2,PDCD4,FMOD,PTEN,CCNE1,ADAM17,VIM,BAX,MMP2,VEGFA,MMP9,STAT3,KLF4,CXCL10,TGFB1,SIRT2"
"GO:BP","response to external stimulus","GO:0009605","false","0.000315702566287193","3.50072188779471","2900","29","16","21110","CDH1,BCL2,PDCD4,PTEN,BTG2,ADAM17,VIM,CD34,BAX,MMP2,VEGFA,MMP9,KLF4,CXCL10,TGFB1,SIRT2"
"GO:BP","negative regulation of macromolecule metabolic process","GO:0010605","false","0.00032092481921506383","3.4935966947731862","3342","29","17","21110","PDCD4,PTEN,CCNE1,BTG2,TGIF1,VIM,XRN2,CD34,BAX,VEGFA,MMP9,ELAVL4,STAT3,KLF4,CUX1,TGFB1,SIRT2"
"GO:BP","protein metabolic process","GO:0019538","false","0.0003495448266249986","3.4564971211843574","5449","29","21","21110","CDH1,BCL2,PDCD4,PTEN,CCNE1,BTG2,CCNG1,GTF2B,ADAM17,VIM,BAX,MMP2,VEGFA,MMP9,ELAVL4,STAT3,KLF4,TGFB1,SIRT2,EIF5A2,KRAS"
"GO:BP","cellular response to growth factor stimulus","GO:0071363","false","0.0003554091166494823","3.4492714362387007","680","29","9","21110","PDCD4,FMOD,ADAM17,VEGFA,ELAVL4,STAT3,KLF4,TGFB1,SIRT2"
"GO:BP","phosphorylation","GO:0016310","false","0.0003649414597296509","3.4377767951473124","1787","29","13","21110","BCL2,PDCD4,PTEN,CCNE1,CCNG1,ADAM17,BAX,VEGFA,MMP9,STAT3,TGFB1,SIRT2,KRAS"
"GO:BP","positive regulation of metabolic process","GO:0009893","false","0.00037250574402760295","3.428867026055934","3848","29","18","21110","CDH1,BCL2,PTEN,BTG2,ADAM17,VIM,CD34,BAX,VEGFA,MMP9,ELAVL4,STAT3,KLF4,CXCL10,TGFB1,SIRT2,EIF5A2,KRAS"
"GO:BP","cellular response to endogenous stimulus","GO:0071495","false","0.0003752816480451125","3.425642672857405","1469","29","12","21110","CDH1,PDCD4,FMOD,ADAM17,VIM,MMP2,VEGFA,ELAVL4,STAT3,KLF4,TGFB1,SIRT2"
"GO:BP","regulation of phosphorylation","GO:0042325","false","0.0003894806659768698","3.4095140960606396","1181","29","11","21110","BCL2,PDCD4,PTEN,CCNE1,CCNG1,ADAM17,BAX,VEGFA,MMP9,SIRT2,KRAS"
"GO:BP","regulation of gene expression","GO:0010468","false","0.00040266997285234553","3.395050754576184","5491","29","21","21110","CDH1,BCL2,PDCD4,PTEN,CCNE1,BTG2,ADAM17,TGIF1,VIM,XRN2,CD34,VEGFA,ELAVL4,STAT3,KLF4,CUX1,CXCL10,TGFB1,SIRT2,EIF5A2,KRAS"
"GO:BP","response to oxygen levels","GO:0070482","false","0.0004173895324727818","3.3794584466129534","327","29","7","21110","BCL2,ADAM17,CD34,MMP2,VEGFA,TGFB1,SIRT2"
"GO:BP","regulation of mitotic cell cycle","GO:0007346","false","0.0004292388666184549","3.36730096053251","495","29","8","21110","BCL2,PTEN,BTG2,CCNG1,ADAM17,KLF4,TGFB1,SIRT2"
"GO:BP","regulation of protein modification process","GO:0031399","false","0.00045088100583770443","3.3459380597336246","1494","29","12","21110","BCL2,PDCD4,PTEN,CCNE1,CCNG1,ADAM17,BAX,VEGFA,MMP9,TGFB1,SIRT2,KRAS"
"GO:BP","cellular response to stimulus","GO:0051716","false","0.0004511161970654441","3.345711579530836","7521","29","24","21110","CDH1,BCL2,PDCD4,RAB21,FMOD,PTEN,CCNE1,BTG2,CCNG1,ADAM17,VIM,CD34,BAX,MMP2,VEGFA,MMP9,ELAVL4,STAT3,KLF4,CXCL10,TGFB1,SIRT2,STAU1,KRAS"
"GO:BP","regulation of mitotic cell cycle phase transition","GO:1901990","false","0.00048164384932715496","3.317273981355876","334","29","7","21110","BCL2,PTEN,CCNG1,ADAM17,KLF4,TGFB1,SIRT2"
"GO:BP","negative regulation of cell population proliferation","GO:0008285","false","0.000505719250407319","3.2960905144581196","709","29","9","21110","BCL2,PDCD4,PTEN,BTG2,BAX,STAT3,KLF4,TGFB1,SIRT2"
"GO:BP","response to growth factor","GO:0070848","false","0.0005117645556880139","3.290929796217805","710","29","9","21110","PDCD4,FMOD,ADAM17,VEGFA,ELAVL4,STAT3,KLF4,TGFB1,SIRT2"
"GO:BP","positive regulation of apoptotic process","GO:0043065","false","0.0005150209652458039","3.2881750915311607","507","29","8","21110","BCL2,PDCD4,PTEN,BAX,MMP2,MMP9,TGFB1,SIRT2"
"GO:BP","cellular component organization or biogenesis","GO:0071840","false","0.0005177314129862526","3.285895483709071","8345","29","25","21110","CDH1,BCL2,RAB21,FMOD,PTEN,CCNE1,BTG2,GTF2B,ADAM17,VIM,XRN2,CD34,BAX,MMP2,VEGFA,MMP9,ELAVL4,KLF4,CUX1,CXCL10,TGFB1,SIRT2,EIF5A2,STAU1,KRAS"
"GO:BP","reproduction","GO:0000003","false","0.0005837820025642593","3.2337492980213725","1530","29","12","21110","BCL2,CCNE1,XRN2,BAX,MMP2,VEGFA,MMP9,STAT3,TGFB1,SIRT2,EIF5A2,STAU1"
"GO:BP","positive regulation of programmed cell death","GO:0043068","false","0.0006426350409980185","3.1920355973385424","522","29","8","21110","BCL2,PDCD4,PTEN,BAX,MMP2,MMP9,TGFB1,SIRT2"
"GO:BP","protein phosphorylation","GO:0006468","false","0.0006579662592237917","3.1817963766119304","1547","29","12","21110","BCL2,PDCD4,PTEN,CCNE1,CCNG1,ADAM17,BAX,VEGFA,MMP9,TGFB1,SIRT2,KRAS"
"GO:BP","camera-type eye development","GO:0043010","false","0.0006732722164426847","3.1718093069557765","351","29","7","21110","VIM,XRN2,BAX,VEGFA,STAT3,KLF4,TGFB1"
"GO:BP","vasculature development","GO:0001944","false","0.0007006661779437617","3.1544888459528457","737","29","9","21110","PDCD4,CD34,BAX,MMP2,VEGFA,STAT3,KLF4,CXCL10,TGFB1"
"GO:BP","positive regulation of cell migration","GO:0030335","false","0.0007420436611526675","3.129570540489411","532","29","8","21110","BCL2,ADAM17,MMP2,VEGFA,MMP9,STAT3,CXCL10,TGFB1"
"GO:BP","enzyme-linked receptor protein signaling pathway","GO:0007167","false","0.0007784164743750015","3.1087879812514667","990","29","10","21110","PDCD4,FMOD,ADAM17,VIM,MMP2,VEGFA,MMP9,STAT3,TGFB1,SIRT2"
"GO:BP","negative regulation of cell death","GO:0060548","false","0.0008938941994450176","3.0487138808867695","1005","29","10","21110","BCL2,PDCD4,BTG2,CCNG1,CD34,BAX,VEGFA,MMP9,KLF4,KRAS"
"GO:BP","positive regulation of nitrogen compound metabolic process","GO:0051173","false","0.0009257863095480691","3.0334892458168614","3131","29","16","21110","CDH1,BCL2,PTEN,BTG2,ADAM17,VIM,BAX,VEGFA,MMP9,STAT3,KLF4,CXCL10,TGFB1,SIRT2,EIF5A2,KRAS"
"GO:BP","glial cell development","GO:0021782","false","0.0009545411504084867","3.0202053443681574","118","29","5","21110","PTEN,VIM,TGFB1,SIRT2,KRAS"
"GO:BP","positive regulation of cell motility","GO:2000147","false","0.0010644457883713847","2.972876452037485","558","29","8","21110","BCL2,ADAM17,MMP2,VEGFA,MMP9,STAT3,CXCL10,TGFB1"
"GO:BP","regulation of DNA binding","GO:0051101","false","0.0010814599915739444","2.965989542577236","121","29","5","21110","GTF2B,MMP9,KLF4,TGFB1,SIRT2"
"GO:BP","biological regulation","GO:0065007","false","0.001083011562886702","2.965366906559276","12891","29","29","21110","CDH1,BCL2,PDCD4,RAB21,FMOD,PTEN,CCNE1,BTG2,CCNG1,GTF2B,ADAM17,TGIF1,VIM,XRN2,CD34,BAX,MMP2,VEGFA,MMP9,ELAVL4,STAT3,KLF4,CUX1,CXCL10,TGFB1,SIRT2,EIF5A2,STAU1,KRAS"
"GO:BP","cell cycle phase transition","GO:0044770","false","0.0010935804221721965","2.9611492733293074","560","29","8","21110","BCL2,PTEN,CCNE1,CCNG1,ADAM17,KLF4,TGFB1,SIRT2"
"GO:BP","glial cell differentiation","GO:0010001","false","0.0012223434508331563","2.912806750030814","235","29","6","21110","PTEN,VIM,STAT3,TGFB1,SIRT2,KRAS"
"GO:BP","signaling","GO:0023052","false","0.0013067408658711784","2.88381052694141","6493","29","22","21110","CDH1,BCL2,PDCD4,RAB21,FMOD,PTEN,CCNE1,CCNG1,ADAM17,VIM,CD34,BAX,MMP2,VEGFA,MMP9,STAT3,KLF4,CXCL10,TGFB1,SIRT2,STAU1,KRAS"
"GO:BP","regulation of phosphate metabolic process","GO:0019220","false","0.0013091986891814432","2.8829944381956487","1333","29","11","21110","BCL2,PDCD4,PTEN,CCNE1,CCNG1,ADAM17,BAX,VEGFA,MMP9,SIRT2,KRAS"
"GO:BP","positive regulation of locomotion","GO:0040017","false","0.001317348848729648","2.880299203765112","574","29","8","21110","BCL2,ADAM17,MMP2,VEGFA,MMP9,STAT3,CXCL10,TGFB1"
"GO:BP","regulation of phosphorus metabolic process","GO:0051174","false","0.00131899767131811","2.8797559711970675","1334","29","11","21110","BCL2,PDCD4,PTEN,CCNE1,CCNG1,ADAM17,BAX,VEGFA,MMP9,SIRT2,KRAS"
"GO:BP","regulation of biosynthetic process","GO:0009889","false","0.0013442104120725564","2.871532744935728","4177","29","18","21110","CDH1,BCL2,PDCD4,PTEN,CCNE1,BTG2,TGIF1,VIM,CD34,VEGFA,ELAVL4,STAT3,KLF4,CUX1,CXCL10,TGFB1,SIRT2,EIF5A2"
"GO:BP","sexual reproduction","GO:0019953","false","0.0014318414271549792","2.844105076389108","1058","29","10","21110","BCL2,CCNE1,XRN2,BAX,MMP2,STAT3,TGFB1,SIRT2,EIF5A2,STAU1"
"GO:BP","leukocyte migration","GO:0050900","false","0.001513148375168429","2.820118484166195","396","29","7","21110","ADAM17,CD34,MMP2,VEGFA,MMP9,CXCL10,TGFB1"
"GO:BP","positive regulation of cell death","GO:0010942","false","0.00162009694184225","2.7904589977737144","590","29","8","21110","BCL2,PDCD4,PTEN,BAX,MMP2,MMP9,TGFB1,SIRT2"
"GO:BP","locomotion","GO:0040011","false","0.0016569442997720555","2.780692090680377","1365","29","11","21110","CDH1,BCL2,PTEN,ADAM17,MMP2,VEGFA,MMP9,STAT3,KLF4,CXCL10,TGFB1"
"GO:BP","animal organ morphogenesis","GO:0009887","false","0.0016703892228421393","2.7771823206865056","1076","29","10","21110","BCL2,PDCD4,PTEN,CD34,BAX,MMP2,VEGFA,STAT3,TGFB1,KRAS"
"GO:BP","tube development","GO:0035295","false","0.0017573160372036153","2.755150127593493","1082","29","10","21110","BCL2,CD34,BAX,MMP2,VEGFA,STAT3,KLF4,CXCL10,TGFB1,KRAS"
"GO:BP","forebrain development","GO:0030900","false","0.0017583793164547001","2.7548874334296958","405","29","7","21110","CDH1,PTEN,BTG2,XRN2,BAX,ELAVL4,KRAS"
"GO:BP","cell communication","GO:0007154","false","0.001806421738338853","2.7431808491216074","6604","29","22","21110","CDH1,BCL2,PDCD4,RAB21,FMOD,PTEN,CCNE1,CCNG1,ADAM17,VIM,CD34,BAX,MMP2,VEGFA,MMP9,STAT3,KLF4,CXCL10,TGFB1,SIRT2,STAU1,KRAS"
"GO:BP","sensory organ development","GO:0007423","false","0.0018612101838105131","2.7302045798435786","601","29","8","21110","BCL2,VIM,XRN2,BAX,VEGFA,STAT3,KLF4,TGFB1"
"GO:BP","positive regulation of DNA binding","GO:0043388","false","0.001926025753927639","2.715337909987247","57","29","4","21110","GTF2B,MMP9,KLF4,SIRT2"
"GO:BP","macromolecule biosynthetic process","GO:0009059","false","0.002021041579237869","2.6944247515773156","4824","29","19","21110","CDH1,BCL2,PDCD4,PTEN,CCNE1,BTG2,GTF2B,TGIF1,VIM,XRN2,VEGFA,ELAVL4,STAT3,KLF4,CUX1,CXCL10,TGFB1,SIRT2,EIF5A2"
"GO:BP","ovarian follicle development","GO:0001541","false","0.0020667340776390256","2.6847153995427684","58","29","4","21110","BCL2,BAX,MMP2,VEGFA"
"GO:BP","positive regulation of cell differentiation","GO:0045597","false","0.002283782855688549","2.6413451916080564","849","29","9","21110","BCL2,RAB21,CD34,VEGFA,STAT3,CUX1,TGFB1,SIRT2,KRAS"
"GO:BP","blood vessel morphogenesis","GO:0048514","false","0.0023220377168665946","2.634130730293395","619","29","8","21110","CD34,BAX,MMP2,VEGFA,STAT3,KLF4,CXCL10,TGFB1"
"GO:BP","cellular component organization","GO:0016043","false","0.0024166107990814248","2.6167932881201628","8138","29","24","21110","CDH1,BCL2,RAB21,FMOD,PTEN,CCNE1,BTG2,GTF2B,ADAM17,VIM,CD34,BAX,MMP2,VEGFA,MMP9,ELAVL4,KLF4,CUX1,CXCL10,TGFB1,SIRT2,EIF5A2,STAU1,KRAS"
"GO:BP","cellular nitrogen compound biosynthetic process","GO:0044271","false","0.0024222289366500347","2.615784811967098","4878","29","19","21110","CDH1,PDCD4,PTEN,CCNE1,BTG2,GTF2B,TGIF1,VIM,XRN2,CD34,VEGFA,ELAVL4,STAT3,KLF4,CUX1,CXCL10,TGFB1,SIRT2,EIF5A2"
"GO:BP","circulatory system development","GO:0072359","false","0.002465254920123212","2.6081381657666194","1123","29","10","21110","PDCD4,PTEN,CD34,BAX,MMP2,VEGFA,STAT3,KLF4,CXCL10,TGFB1"
"GO:BP","regulation of growth","GO:0040008","false","0.0026491389797389563","2.5768952570480175","630","29","8","21110","CDH1,BCL2,RAB21,PTEN,ADAM17,VEGFA,STAT3,TGFB1"
"GO:BP","positive regulation of cell development","GO:0010720","false","0.002745316556956971","2.561407570699097","433","29","7","21110","BCL2,RAB21,VEGFA,CUX1,TGFB1,SIRT2,KRAS"
"GO:BP","regulation of cell cycle phase transition","GO:1901987","false","0.0028307264633528713","2.5481020950276694","435","29","7","21110","BCL2,PTEN,CCNG1,ADAM17,KLF4,TGFB1,SIRT2"
"GO:BP","negative regulation of RNA metabolic process","GO:0051253","false","0.0028692371654260246","2.5422335523539212","1443","29","11","21110","PDCD4,CCNE1,BTG2,TGIF1,VEGFA,ELAVL4,STAT3,KLF4,CUX1,TGFB1,SIRT2"
"GO:BP","regulation of vascular associated smooth muscle cell proliferation","GO:1904705","true","0.0028879239154373845","2.5394142527717096","63","29","4","21110","PDCD4,PTEN,MMP2,MMP9"
"GO:BP","negative regulation of neurogenesis","GO:0050768","false","0.0029305926877130233","2.533044538358208","148","29","5","21110","CDH1,PTEN,BTG2,TGFB1,SIRT2"
"GO:BP","regulation of plasma membrane bounded cell projection organization","GO:0120035","false","0.003050150625467825","2.515678713376404","642","29","8","21110","CDH1,RAB21,PTEN,VIM,VEGFA,ELAVL4,KLF4,CUX1"
"GO:BP","negative regulation of cell development","GO:0010721","false","0.0031826661720889674","2.497208911873126","277","29","6","21110","CDH1,PTEN,BTG2,VEGFA,TGFB1,SIRT2"
"GO:BP","negative regulation of apoptotic process","GO:0043066","false","0.003191043645137061","2.496067255752412","884","29","9","21110","BCL2,PDCD4,BTG2,CCNG1,BAX,VEGFA,MMP9,KLF4,KRAS"
"GO:BP","positive regulation of cellular metabolic process","GO:0031325","false","0.0032440596273497747","2.488911171849603","2976","29","15","21110","CDH1,BCL2,BTG2,ADAM17,VIM,BAX,VEGFA,MMP9,STAT3,KLF4,CXCL10,TGFB1,SIRT2,EIF5A2,KRAS"
"GO:BP","vascular associated smooth muscle cell proliferation","GO:1990874","false","0.0032762312614132683","2.4846254500096587","65","29","4","21110","PDCD4,PTEN,MMP2,MMP9"
"GO:BP","positive regulation of gene expression","GO:0010628","false","0.0034386227096860804","2.463615472939337","1165","29","10","21110","ADAM17,VIM,CD34,VEGFA,ELAVL4,STAT3,KLF4,TGFB1,EIF5A2,KRAS"
"GO:BP","negative regulation of nervous system development","GO:0051961","false","0.0035640340460529538","2.448058155942036","154","29","5","21110","CDH1,PTEN,BTG2,TGFB1,SIRT2"
"GO:BP","regulation of cell projection organization","GO:0031344","false","0.003582533205005245","2.4458097756176467","656","29","8","21110","CDH1,RAB21,PTEN,VIM,VEGFA,ELAVL4,KLF4,CUX1"
"GO:BP","anatomical structure formation involved in morphogenesis","GO:0048646","false","0.0036863455676813682","2.4334039553072424","1174","29","10","21110","CCNG1,ADAM17,CD34,MMP2,VEGFA,MMP9,STAT3,KLF4,CXCL10,TGFB1"
"GO:BP","regulation of molecular function","GO:0065009","false","0.0037872811441859036","2.4216724543625388","2586","29","14","21110","BCL2,PDCD4,PTEN,CCNE1,CCNG1,GTF2B,ADAM17,BAX,VEGFA,MMP9,STAT3,KLF4,TGFB1,SIRT2"
"GO:BP","response to radiation","GO:0009314","false","0.003814718990661662","2.4185374486134075","455","29","7","21110","BCL2,BAX,MMP2,MMP9,CXCL10,TGFB1,KRAS"
"GO:BP","cell cycle","GO:0007049","false","0.0038567696285203472","2.413776301515185","1825","29","12","21110","BCL2,PTEN,CCNE1,BTG2,CCNG1,GTF2B,ADAM17,BAX,STAT3,KLF4,TGFB1,SIRT2"
"GO:BP","regulation of macromolecule biosynthetic process","GO:0010556","false","0.0038716858687621487","2.4120998866419283","3958","29","17","21110","CDH1,BCL2,PDCD4,PTEN,CCNE1,BTG2,TGIF1,VIM,VEGFA,ELAVL4,STAT3,KLF4,CUX1,CXCL10,TGFB1,SIRT2,EIF5A2"
"GO:BP","negative regulation of programmed cell death","GO:0043069","false","0.0038733855579691774","2.4119092710582257","905","29","9","21110","BCL2,PDCD4,BTG2,CCNG1,BAX,VEGFA,MMP9,KLF4,KRAS"
"GO:BP","negative regulation of cell adhesion","GO:0007162","false","0.0039079710676228905","2.4080486602086992","287","29","6","21110","CDH1,PTEN,MMP2,VEGFA,KLF4,TGFB1"
"GO:BP","muscle structure development","GO:0061061","false","0.003920952736828264","2.4066083926547517","664","29","8","21110","BCL2,PDCD4,BTG2,VEGFA,CXCL10,TGFB1,SIRT2,KRAS"
"GO:BP","response to lipid","GO:0033993","false","0.004278754300179042","2.3686826513847494","916","29","9","21110","BCL2,PDCD4,ADAM17,VIM,MMP2,STAT3,KLF4,CXCL10,TGFB1"
"GO:BP","mitotic cell cycle","GO:0000278","false","0.00451496395093174","2.3453457128973025","922","29","9","21110","BCL2,PTEN,CCNE1,BTG2,CCNG1,ADAM17,KLF4,TGFB1,SIRT2"
"GO:BP","post-embryonic animal organ development","GO:0048569","false","0.004671011054335911","2.3305891049170113","20","29","3","21110","BAX,VEGFA,KLF4"
"GO:BP","reproductive process","GO:0022414","false","0.004809102339218386","2.3179359809039597","1521","29","11","21110","BCL2,CCNE1,XRN2,BAX,MMP2,VEGFA,MMP9,TGFB1,SIRT2,EIF5A2,STAU1"
"GO:BP","positive regulation of molecular function","GO:0044093","false","0.004840097163121694","2.3151459199704543","1522","29","11","21110","BCL2,PTEN,GTF2B,ADAM17,BAX,VEGFA,MMP9,STAT3,KLF4,TGFB1,SIRT2"
"GO:BP","response to organic cyclic compound","GO:0014070","false","0.005065777530867697","2.295353886641413","935","29","9","21110","CDH1,BCL2,BTG2,MMP2,ELAVL4,STAT3,CXCL10,TGFB1,SIRT2"
"GO:BP","regulation of cellular process","GO:0050794","false","0.005145100490129481","2.288606138514275","11108","29","27","21110","CDH1,BCL2,PDCD4,RAB21,FMOD,PTEN,CCNE1,BTG2,CCNG1,ADAM17,TGIF1,VIM,CD34,BAX,MMP2,VEGFA,MMP9,ELAVL4,STAT3,KLF4,CUX1,CXCL10,TGFB1,SIRT2,EIF5A2,STAU1,KRAS"
"GO:BP","plasma membrane bounded cell projection organization","GO:0120036","false","0.00525939374358694","2.2790643145894776","1535","29","11","21110","CDH1,BCL2,RAB21,PTEN,BTG2,VIM,MMP2,VEGFA,ELAVL4,KLF4,CUX1"
"GO:BP","cell part morphogenesis","GO:0032990","false","0.005272265730020364","2.2780027087757353","691","29","8","21110","CDH1,BCL2,RAB21,PTEN,BAX,VEGFA,ELAVL4,CUX1"
"GO:BP","hemopoiesis","GO:0030097","false","0.005480331159792644","2.261193197624179","944","29","9","21110","BCL2,ADAM17,CD34,BAX,VEGFA,MMP9,STAT3,KLF4,TGFB1"
"GO:BP","regulation of cellular biosynthetic process","GO:0031326","false","0.005670038874123491","2.2464139635481084","4064","29","17","21110","CDH1,PDCD4,PTEN,CCNE1,BTG2,TGIF1,VIM,CD34,VEGFA,ELAVL4,STAT3,KLF4,CUX1,CXCL10,TGFB1,SIRT2,EIF5A2"
"GO:BP","negative regulation of nucleobase-containing compound metabolic process","GO:0045934","false","0.006080304416723469","2.2160746767809463","1558","29","11","21110","PDCD4,CCNE1,BTG2,TGIF1,VEGFA,ELAVL4,STAT3,KLF4,CUX1,TGFB1,SIRT2"
"GO:BP","blood vessel development","GO:0001568","false","0.006181548274185375","2.208902734827","706","29","8","21110","CD34,BAX,MMP2,VEGFA,STAT3,KLF4,CXCL10,TGFB1"
"GO:BP","negative regulation of gene expression","GO:0010629","false","0.006551920035332819","2.1836314116789","1570","29","11","21110","PDCD4,BTG2,VIM,XRN2,CD34,VEGFA,ELAVL4,STAT3,KLF4,TGFB1,SIRT2"
"GO:BP","kidney development","GO:0001822","false","0.006564265720689382","2.182813847074553","314","29","6","21110","BCL2,CD34,BAX,VEGFA,MMP9,TGFB1"
"GO:BP","cell projection organization","GO:0030030","false","0.006674750466786387","2.1755649656073426","1573","29","11","21110","CDH1,BCL2,RAB21,PTEN,BTG2,VIM,MMP2,VEGFA,ELAVL4,KLF4,CUX1"
"GO:BP","negative regulation of transcription by RNA polymerase II","GO:0000122","false","0.006675587641259334","2.1755104980348325","967","29","9","21110","CCNE1,BTG2,TGIF1,VEGFA,STAT3,KLF4,CUX1,TGFB1,SIRT2"
"GO:BP","negative regulation of cellular biosynthetic process","GO:0031327","false","0.00723081010414014","2.140813043777558","1586","29","11","21110","PDCD4,CCNE1,BTG2,TGIF1,CD34,VEGFA,STAT3,KLF4,CUX1,TGFB1,SIRT2"
"GO:BP","organonitrogen compound metabolic process","GO:1901564","false","0.007242355863471279","2.14012013931674","6441","29","21","21110","CDH1,BCL2,PDCD4,PTEN,CCNE1,BTG2,CCNG1,GTF2B,ADAM17,VIM,BAX,MMP2,VEGFA,MMP9,ELAVL4,STAT3,KLF4,TGFB1,SIRT2,EIF5A2,KRAS"
"GO:BP","gliogenesis","GO:0042063","false","0.007318975148679999","2.1355497274707917","320","29","6","21110","PTEN,VIM,STAT3,TGFB1,SIRT2,KRAS"
"GO:BP","developmental process involved in reproduction","GO:0003006","false","0.007445991259677948","2.128077477904877","980","29","9","21110","BCL2,XRN2,BAX,MMP2,VEGFA,TGFB1,SIRT2,EIF5A2,STAU1"
"GO:BP","regulation of developmental growth","GO:0048638","false","0.007722021001954029","2.1122690215386544","323","29","6","21110","CDH1,BCL2,RAB21,PTEN,VEGFA,STAT3"
"GO:BP","renal system development","GO:0072001","false","0.007860320322849746","2.104559755282291","324","29","6","21110","BCL2,CD34,BAX,VEGFA,MMP9,TGFB1"
"GO:BP","axon development","GO:0061564","false","0.007996048893509683","2.0971245589615575","509","29","7","21110","CDH1,BCL2,RAB21,PTEN,MMP2,VEGFA,KLF4"
"GO:BP","negative regulation of neural precursor cell proliferation","GO:2000178","false","0.008262502526670492","2.0828883946991765","24","29","3","21110","BTG2,TGFB1,SIRT2"
"GO:BP","developmental maturation","GO:0021700","false","0.008582451689774761","2.0663886325189664","329","29","6","21110","BCL2,PTEN,MMP2,VEGFA,TGFB1,SIRT2"
"GO:BP","response to axon injury","GO:0048678","false","0.008741883514013496","2.0583949848010916","83","29","4","21110","BCL2,BAX,MMP2,KLF4"
"GO:BP","female pregnancy","GO:0007565","false","0.008754215979733913","2.057782742889737","185","29","5","21110","BCL2,MMP2,VEGFA,MMP9,TGFB1"
"GO:BP","regulation of biological process","GO:0050789","false","0.00891970772212636","2.049649376200935","12480","29","28","21110","CDH1,BCL2,PDCD4,RAB21,FMOD,PTEN,CCNE1,BTG2,CCNG1,ADAM17,TGIF1,VIM,XRN2,CD34,BAX,MMP2,VEGFA,MMP9,ELAVL4,STAT3,KLF4,CUX1,CXCL10,TGFB1,SIRT2,EIF5A2,STAU1,KRAS"
"GO:BP","regulation of catabolic process","GO:0009894","false","0.00899807545307702","2.0458503693925456","1003","29","9","21110","CDH1,BCL2,PTEN,BTG2,VIM,BAX,ELAVL4,STAT3,SIRT2"
"GO:BP","regulation of nitrogen utilization","GO:0006808","true","0.009753553219074106","2.0108371420123157","3","29","2","21110","BCL2,BAX"
"GO:BP","negative regulation of biosynthetic process","GO:0009890","false","0.00976926189671885","2.010138247569998","1636","29","11","21110","PDCD4,CCNE1,BTG2,TGIF1,CD34,VEGFA,STAT3,KLF4,CUX1,TGFB1,SIRT2"
"GO:BP","regeneration","GO:0031099","false","0.010228185602843852","1.9902013997736296","191","29","5","21110","BCL2,MMP2,ELAVL4,KLF4,TGFB1"
"GO:BP","negative regulation of DNA-templated transcription","GO:0045892","false","0.010336699589064151","1.985618105251818","1317","29","10","21110","PDCD4,CCNE1,BTG2,TGIF1,VEGFA,STAT3,KLF4,CUX1,TGFB1,SIRT2"
"GO:BP","negative regulation of nucleic acid-templated transcription","GO:1903507","false","0.010477280863673095","1.9797514138339232","1319","29","10","21110","PDCD4,CCNE1,BTG2,TGIF1,VEGFA,STAT3,KLF4,CUX1,TGFB1,SIRT2"
"GO:BP","multicellular organismal-level homeostasis","GO:0048871","false","0.01106429653511253","1.9560761931809876","764","29","8","21110","BCL2,ADAM17,CD34,BAX,VEGFA,STAT3,TGFB1,KRAS"
"GO:BP","cellular response to organic substance","GO:0071310","false","0.011130627806894638","1.9534803392249864","2019","29","12","21110","CDH1,BCL2,PDCD4,ADAM17,VIM,BAX,MMP2,STAT3,KLF4,CXCL10,TGFB1,SIRT2"
"GO:BP","mitotic cell cycle process","GO:1903047","false","0.01127877753490464","1.9477379693789065","766","29","8","21110","BCL2,PTEN,CCNE1,CCNG1,ADAM17,KLF4,TGFB1,SIRT2"
"GO:BP","biosynthetic process","GO:0009058","false","0.011294027024973691","1.947151177393995","5969","29","20","21110","CDH1,BCL2,PDCD4,PTEN,CCNE1,BTG2,GTF2B,TGIF1,VIM,XRN2,CD34,VEGFA,ELAVL4,STAT3,KLF4,CUX1,CXCL10,TGFB1,SIRT2,EIF5A2"
"GO:BP","negative regulation of RNA biosynthetic process","GO:1902679","false","0.011508907621652093","1.9389658958665283","1333","29","10","21110","PDCD4,CCNE1,BTG2,TGIF1,VEGFA,STAT3,KLF4,CUX1,TGFB1,SIRT2"
"GO:BP","muscle organ development","GO:0007517","false","0.012431987403199054","1.9054594385949557","351","29","6","21110","BCL2,BTG2,CXCL10,TGFB1,SIRT2,KRAS"
"GO:BP","gamete generation","GO:0007276","false","0.01324897700658757","1.877817653617416","783","29","8","21110","BCL2,XRN2,BAX,MMP2,TGFB1,SIRT2,EIF5A2,STAU1"
"GO:BP","signal transduction","GO:0007165","false","0.01353664805521028","1.8684888623380986","6034","29","20","21110","BCL2,PDCD4,RAB21,FMOD,PTEN,CCNE1,CCNG1,ADAM17,VIM,CD34,BAX,MMP2,VEGFA,MMP9,STAT3,KLF4,CXCL10,TGFB1,SIRT2,KRAS"
"GO:BP","regulation of neural precursor cell proliferation","GO:2000177","false","0.01375864376017935","1.861424373985653","93","29","4","21110","BTG2,VEGFA,TGFB1,SIRT2"
"GO:BP","post-embryonic development","GO:0009791","false","0.014356522673395797","1.8429507388286606","94","29","4","21110","BCL2,BAX,VEGFA,KLF4"
"GO:BP","multi-organism reproductive process","GO:0044703","false","0.014772620649869648","1.8305424543956026","206","29","5","21110","BCL2,MMP2,VEGFA,MMP9,TGFB1"
"GO:BP","cellular component morphogenesis","GO:0032989","false","0.014946153582957377","1.8254705593548262","796","29","8","21110","CDH1,BCL2,RAB21,PTEN,BAX,VEGFA,ELAVL4,CUX1"
"GO:BP","regulation of protein serine/threonine kinase activity","GO:0071900","false","0.015539947900152399","1.8085504415656226","365","29","6","21110","PDCD4,PTEN,CCNE1,CCNG1,ADAM17,VEGFA"
"GO:BP","regulation of binding","GO:0051098","false","0.01679196001761875","1.774898608498323","370","29","6","21110","GTF2B,BAX,MMP9,KLF4,TGFB1,SIRT2"
"GO:BP","cellular biosynthetic process","GO:0044249","false","0.017589016960130502","1.7547584323288372","5521","29","19","21110","CDH1,PDCD4,PTEN,CCNE1,BTG2,GTF2B,TGIF1,VIM,XRN2,CD34,VEGFA,ELAVL4,STAT3,KLF4,CUX1,CXCL10,TGFB1,SIRT2,EIF5A2"
"GO:BP","multi-multicellular organism process","GO:0044706","false","0.018588830544546915","1.7307479315850582","216","29","5","21110","BCL2,MMP2,VEGFA,MMP9,TGFB1"
"GO:BP","transmembrane receptor protein serine/threonine kinase signaling pathway","GO:0007178","false","0.01896469345355236","1.722054172866628","378","29","6","21110","PDCD4,FMOD,ADAM17,VIM,STAT3,TGFB1"
"GO:BP","negative regulation of neuron death","GO:1901215","false","0.019009167061121574","1.7210369125235037","217","29","5","21110","BCL2,BTG2,CD34,BAX,KRAS"
"GO:BP","homeostasis of number of cells within a tissue","GO:0048873","false","0.020098948951118023","1.6968266528613303","32","29","3","21110","BCL2,BAX,KRAS"
"GO:BP","collagen metabolic process","GO:0032963","true","0.02063776446551994","1.6853373483660952","103","29","4","21110","VIM,MMP2,MMP9,TGFB1"
"GO:BP","muscle cell differentiation","GO:0042692","false","0.020739566522983956","1.6832003250271832","384","29","6","21110","BCL2,PDCD4,VEGFA,CXCL10,TGFB1,KRAS"
"GO:BP","cell morphogenesis involved in neuron differentiation","GO:0048667","false","0.02097591257317424","1.6782791357735145","590","29","7","21110","CDH1,BCL2,RAB21,PTEN,VEGFA,ELAVL4,CUX1"
"GO:BP","female gonad development","GO:0008585","false","0.022271040578472796","1.6522594907822619","105","29","4","21110","BCL2,BAX,MMP2,VEGFA"
"GO:BP","leukocyte homeostasis","GO:0001776","false","0.02312248466303663","1.635965499945832","106","29","4","21110","BCL2,ADAM17,BAX,TGFB1"
"GO:BP","regulation of epithelial cell migration","GO:0010632","false","0.02363516592589357","1.6264413444739492","227","29","5","21110","PTEN,ADAM17,VEGFA,MMP9,KLF4"
"GO:BP","response to stimulus","GO:0050896","false","0.023740673504097604","1.624506964616301","9081","29","24","21110","CDH1,BCL2,PDCD4,RAB21,FMOD,PTEN,CCNE1,BTG2,CCNG1,ADAM17,VIM,CD34,BAX,MMP2,VEGFA,MMP9,ELAVL4,STAT3,KLF4,CXCL10,TGFB1,SIRT2,STAU1,KRAS"
"GO:BP","response to fluid shear stress","GO:0034405","false","0.024203657378229663","1.6161190034754143","34","29","3","21110","MMP2,KLF4,TGFB1"
"GO:BP","G1/S transition of mitotic cell cycle","GO:0000082","false","0.025181563122313448","1.5989173149618665","230","29","5","21110","BCL2,PTEN,CCNE1,ADAM17,KLF4"
"GO:BP","negative regulation of mitotic cell cycle","GO:0045930","false","0.025714216967220108","1.5898266959974956","231","29","5","21110","BCL2,PTEN,BTG2,CCNG1,KLF4"
"GO:BP","development of primary female sexual characteristics","GO:0046545","false","0.025821030073173063","1.5880264365013654","109","29","4","21110","BCL2,BAX,MMP2,VEGFA"
"GO:BP","leukocyte differentiation","GO:0002521","false","0.026032910223587644","1.5844772793207635","610","29","7","21110","BCL2,ADAM17,BAX,VEGFA,MMP9,STAT3,TGFB1"
"GO:BP","positive regulation of neurogenesis","GO:0050769","false","0.027365165971736678","1.5628019134856346","234","29","5","21110","RAB21,VEGFA,CUX1,TGFB1,KRAS"
"GO:BP","regulation of cyclin-dependent protein serine/threonine kinase activity","GO:0000079","true","0.02774445411717883","1.5568238156769643","111","29","4","21110","PTEN,CCNE1,CCNG1,ADAM17"
"GO:BP","muscle tissue development","GO:0060537","false","0.03005808583323723","1.5220386797215613","410","29","6","21110","BCL2,BTG2,VEGFA,TGFB1,SIRT2,KRAS"
"GO:BP","regulation of catalytic activity","GO:0050790","false","0.030115025025196113","1.5212167716001561","1840","29","11","21110","BCL2,PDCD4,PTEN,CCNE1,CCNG1,ADAM17,BAX,VEGFA,MMP9,STAT3,KLF4"
"GO:BP","regulation of cyclin-dependent protein kinase activity","GO:1904029","false","0.030824743216452673","1.5111005325795024","114","29","4","21110","PTEN,CCNE1,CCNG1,ADAM17"
"GO:BP","regulation of nucleobase-containing compound metabolic process","GO:0019219","false","0.03173322062573022","1.4984858488260608","4061","29","16","21110","CDH1,PDCD4,PTEN,CCNE1,BTG2,TGIF1,VIM,BAX,VEGFA,ELAVL4,STAT3,KLF4,CUX1,CXCL10,TGFB1,SIRT2"
"GO:BP","nitrogen utilization","GO:0019740","false","0.03245642419984406","1.4886993291129618","5","29","2","21110","BCL2,BAX"
"GO:BP","limbic system development","GO:0021761","false","0.0330134492133751","1.4813090986300177","116","29","4","21110","PTEN,BTG2,XRN2,BAX"
"GO:BP","DNA-templated transcription","GO:0006351","false","0.03436710507533859","1.4638570492639071","3585","29","15","21110","CDH1,PDCD4,PTEN,CCNE1,BTG2,GTF2B,TGIF1,XRN2,VEGFA,STAT3,KLF4,CUX1,CXCL10,TGFB1,SIRT2"
"GO:BP","nucleic acid-templated transcription","GO:0097659","false","0.03448627090529064","1.4623537645428284","3586","29","15","21110","CDH1,PDCD4,PTEN,CCNE1,BTG2,GTF2B,TGIF1,XRN2,VEGFA,STAT3,KLF4,CUX1,CXCL10,TGFB1,SIRT2"
"GO:BP","nephron epithelium development","GO:0072009","true","0.03650812341931574","1.437610489964038","119","29","4","21110","BCL2,CD34,VEGFA,TGFB1"
"GO:BP","regulation of cellular catabolic process","GO:0031329","false","0.03657347019606195","1.436833830597143","643","29","7","21110","BCL2,BTG2,VIM,BAX,ELAVL4,STAT3,SIRT2"
"GO:BP","multicellular organismal reproductive process","GO:0048609","false","0.03705715842238314","1.4311278858480159","902","29","8","21110","BCL2,XRN2,BAX,MMP2,TGFB1,SIRT2,EIF5A2,STAU1"
"GO:BP","ameboidal-type cell migration","GO:0001667","false","0.038809046415334066","1.4110670282634974","429","29","6","21110","PTEN,ADAM17,VEGFA,MMP9,KLF4,TGFB1"
"GO:BP","RNA biosynthetic process","GO:0032774","false","0.03916535478895194","1.4070979349406985","3623","29","15","21110","CDH1,PDCD4,PTEN,CCNE1,BTG2,GTF2B,TGIF1,XRN2,VEGFA,STAT3,KLF4,CUX1,CXCL10,TGFB1,SIRT2"
"GO:BP","neuron projection morphogenesis","GO:0048812","false","0.03921160091055779","1.4065854261918085","650","29","7","21110","CDH1,BCL2,RAB21,PTEN,VEGFA,ELAVL4,CUX1"
"GO:BP","regulation of cell growth","GO:0001558","false","0.040361708982028496","1.3940304532936156","432","29","6","21110","CDH1,BCL2,RAB21,ADAM17,VEGFA,TGFB1"
"GO:BP","developmental growth","GO:0048589","false","0.041190961863502816","1.3851980665739472","655","29","7","21110","CDH1,BCL2,RAB21,PTEN,VEGFA,STAT3,TGFB1"
"GO:BP","negative regulation of macromolecule biosynthetic process","GO:0010558","false","0.04260729016262082","1.370516086190169","1547","29","10","21110","PDCD4,CCNE1,BTG2,TGIF1,VEGFA,STAT3,KLF4,CUX1,TGFB1,SIRT2"
"GO:BP","female sex differentiation","GO:0046660","false","0.04292696883158385","1.3672697769338715","124","29","4","21110","BCL2,BAX,MMP2,VEGFA"
"GO:BP","cell morphogenesis involved in differentiation","GO:0000904","false","0.04410055349355338","1.3555559597909477","662","29","7","21110","CDH1,BCL2,RAB21,PTEN,VEGFA,ELAVL4,CUX1"
"GO:BP","cell cycle G1/S phase transition","GO:0044843","false","0.045407374518125126","1.3428736085428656","260","29","5","21110","BCL2,PTEN,CCNE1,ADAM17,KLF4"
"GO:BP","plasma membrane bounded cell projection morphogenesis","GO:0120039","false","0.04583821290107772","1.3387723225923644","666","29","7","21110","CDH1,BCL2,RAB21,PTEN,VEGFA,ELAVL4,CUX1"
"GO:BP","gland morphogenesis","GO:0022612","false","0.04715514869915315","1.326470881303035","127","29","4","21110","BCL2,BAX,MMP2,TGFB1"
"GO:BP","cell projection morphogenesis","GO:0048858","false","0.04808964054178589","1.3179484691583057","671","29","7","21110","CDH1,BCL2,RAB21,PTEN,VEGFA,ELAVL4,CUX1"
"GO:BP","positive regulation of core promoter binding","GO:1904798","true","0.04864312899128672","1.3129784966476825","6","29","2","21110","GTF2B,KLF4"
"GO:BP","positive regulation of odontogenesis","GO:0042482","true","0.04864312899128672","1.3129784966476825","6","29","2","21110","CD34,TGFB1"
"GO:BP","growth","GO:0040007","false","0.04873132102026038","1.312191815500845","937","29","8","21110","CDH1,BCL2,RAB21,PTEN,ADAM17,VEGFA,STAT3,TGFB1"
"GO:BP","organic substance biosynthetic process","GO:1901576","false","0.04881707159931627","1.3114282762584966","5894","29","19","21110","CDH1,BCL2,PDCD4,PTEN,CCNE1,BTG2,GTF2B,TGIF1,VIM,XRN2,VEGFA,ELAVL4,STAT3,KLF4,CUX1,CXCL10,TGFB1,SIRT2,EIF5A2"
"GO:BP","gland development","GO:0048732","false","0.048896620502308426","1.3107211561712253","447","29","6","21110","CDH1,BCL2,BAX,MMP2,VEGFA,TGFB1"
"GO:CC","pore complex","GO:0046930","true","0.0010932743289715253","2.9612708493862434","26","29","3","22122","BCL2,CD34,BAX"
"GO:CC","myelin sheath","GO:0043209","true","0.007133145418224821","2.1467189222447223","48","29","3","22122","BCL2,PTEN,SIRT2"
"GO:CC","cytoplasmic side of plasma membrane","GO:0009898","true","0.015255259062466045","1.816580412836772","172","29","4","22122","CDH1,RAB21,PTEN,KRAS"
"GO:CC","Schmidt-Lanterman incisure","GO:0043220","false","0.019194045032710338","1.7168334905974434","11","29","2","22122","PTEN,SIRT2"
"GO:CC","intracellular membrane-bounded organelle","GO:0043231","true","0.021102401989235544","1.6756681081478675","14642","29","28","22122","CDH1,BCL2,PDCD4,RAB21,FMOD,PTEN,CCNE1,BTG2,CCNG1,GTF2B,ADAM17,TGIF1,VIM,XRN2,CD34,BAX,MMP2,VEGFA,MMP9,ELAVL4,STAT3,KLF4,CUX1,TGFB1,SIRT2,EIF5A2,STAU1,KRAS"
"GO:CC","cytosol","GO:0005829","true","0.02113423819115309","1.6750134022159104","5453","29","17","22122","BCL2,PDCD4,RAB21,PTEN,CCNE1,BTG2,ADAM17,VIM,BAX,ELAVL4,STAT3,KLF4,CUX1,SIRT2,EIF5A2,STAU1,KRAS"
"GO:CC","Bcl-2 family protein complex","GO:0097136","true","0.02301412268610784","1.6380055760532743","12","29","2","22122","BCL2,BAX"
"GO:CC","anchoring junction","GO:0070161","true","0.02754048627827807","1.5600283957381957","902","29","7","22122","CDH1,RAB21,ADAM17,VIM,VEGFA,SIRT2,KRAS"
"GO:CC","cytoplasmic side of membrane","GO:0098562","false","0.03119126275557655","1.505967042790859","207","29","4","22122","CDH1,RAB21,PTEN,KRAS"
"GO:CC","compact myelin","GO:0043218","false","0.03168000854634521","1.4992147099225042","14","29","2","22122","PTEN,SIRT2"
"GO:CC","side of membrane","GO:0098552","false","0.047201947069228124","1.3260400864510609","685","29","6","22122","CDH1,RAB21,PTEN,CD34,CXCL10,KRAS"
"KEGG","MicroRNAs in cancer","KEGG:05206","false","4.1835154013748897e-7","6.3784586278448","310","24","10","8161","BCL2,PDCD4,PTEN,CCNE1,CCNG1,VIM,VEGFA,MMP9,STAT3,KRAS"
"KEGG","AGE-RAGE signaling pathway in diabetic complications","KEGG:04933","false","6.189430945903685e-7","6.208349278025833","100","24","7","8161","BCL2,BAX,MMP2,VEGFA,STAT3,TGFB1,KRAS"
"KEGG","EGFR tyrosine kinase inhibitor resistance","KEGG:01521","false","0.000005026893846158308","5.298700285751525","79","24","6","8161","BCL2,PTEN,BAX,VEGFA,STAT3,KRAS"
"KEGG","Pathways in cancer","KEGG:05200","false","0.000005573959159277866","5.253836217711921","529","24","11","8161","CDH1,BCL2,PTEN,CCNE1,BAX,MMP2,VEGFA,MMP9,STAT3,TGFB1,KRAS"
"KEGG","Bladder cancer","KEGG:05219","false","0.000006230532774001459","5.205474815152075","41","24","5","8161","CDH1,MMP2,VEGFA,MMP9,KRAS"
"KEGG","Hepatitis B","KEGG:05161","false","0.000016842377949011503","4.77359659114838","161","24","7","8161","BCL2,CCNE1,BAX,MMP9,STAT3,TGFB1,KRAS"
"KEGG","Proteoglycans in cancer","KEGG:05205","false","0.00008669176157630094","4.062022172096487","205","24","7","8161","PDCD4,MMP2,VEGFA,MMP9,STAT3,TGFB1,KRAS"
"KEGG","p53 signaling pathway","KEGG:04115","false","0.0001173326846079138","3.9305809924231974","73","24","5","8161","BCL2,PTEN,CCNE1,CCNG1,BAX"
"KEGG","Pancreatic cancer","KEGG:05212","false","0.00014347620175928446","3.843220128907263","76","24","5","8161","BAX,VEGFA,STAT3,TGFB1,KRAS"
"KEGG","Gastric cancer","KEGG:05226","false","0.00020884515648465207","3.680175592394937","148","24","6","8161","CDH1,BCL2,CCNE1,BAX,TGFB1,KRAS"
"KEGG","Endocrine resistance","KEGG:01522","false","0.0004335958380741181","3.3629148950815684","95","24","5","8161","BCL2,BAX,MMP2,MMP9,KRAS"
"KEGG","Prostate cancer","KEGG:05215","false","0.00048040072772934073","3.318396343382792","97","24","5","8161","BCL2,PTEN,CCNE1,MMP9,KRAS"
"KEGG","Epstein-Barr virus infection","KEGG:05169","false","0.0011169391420107798","2.9519704893811953","198","24","6","8161","BCL2,CCNE1,VIM,BAX,STAT3,CXCL10"
"KEGG","Endometrial cancer","KEGG:05213","false","0.00138769175285077","2.857706992745075","58","24","4","8161","CDH1,PTEN,BAX,KRAS"
"KEGG","Relaxin signaling pathway","KEGG:04926","false","0.0019273732847352172","2.715034165053535","129","24","5","8161","MMP2,VEGFA,MMP9,TGFB1,KRAS"
"KEGG","Melanoma","KEGG:05218","false","0.003273603821258818","2.4849738810182","72","24","4","8161","CDH1,PTEN,BAX,KRAS"
"KEGG","Colorectal cancer","KEGG:05210","false","0.006573684623592018","2.1821911352892553","86","24","4","8161","BCL2,BAX,TGFB1,KRAS"
"KEGG","Small cell lung cancer","KEGG:05222","false","0.008548145096957248","2.0681281146931507","92","24","4","8161","BCL2,PTEN,CCNE1,BAX"
"KEGG","Thyroid cancer","KEGG:05216","false","0.010279826727733069","1.9880142055570458","37","24","3","8161","CDH1,BAX,KRAS"
"KEGG","Viral carcinogenesis","KEGG:05203","false","0.015452066301682117","1.8110134370536923","200","24","5","8161","CCNE1,GTF2B,BAX,STAT3,KRAS"
"KEGG","Chemical carcinogenesis - receptor activation","KEGG:05207","false","0.01981657560304914","1.702971391484925","211","24","5","8161","BCL2,VEGFA,STAT3,KLF4,KRAS"
"KEGG","Lipid and atherosclerosis","KEGG:05417","false","0.02115543261920055","1.6745780891126214","214","24","5","8161","BCL2,BAX,MMP9,STAT3,KRAS"
"KEGG","Human T-cell leukemia virus 1 infection","KEGG:05166","false","0.02353871832170406","1.6282171880926397","219","24","5","8161","PTEN,CCNE1,BAX,TGFB1,KRAS"
"KEGG","Sphingolipid signaling pathway","KEGG:04071","false","0.024548986889463185","1.609966426041807","121","24","4","8161","BCL2,PTEN,BAX,KRAS"
"KEGG","FoxO signaling pathway","KEGG:04068","false","0.03319769305767741","1.478892094824013","131","24","4","8161","PTEN,STAT3,TGFB1,KRAS"
"KEGG","Estrogen signaling pathway","KEGG:04915","false","0.03932461216926113","1.405335551821786","137","24","4","8161","BCL2,MMP2,MMP9,KRAS"
"KEGG","Fluid shear stress and atherosclerosis","KEGG:05418","false","0.040418870259581935","1.3934158295363601","138","24","4","8161","BCL2,MMP2,VEGFA,MMP9"
"KEGG","Measles","KEGG:05162","false","0.04153465677572159","1.3815893740039942","139","24","4","8161","BCL2,CCNE1,BAX,STAT3"
