UTR,microRNA,ddG,converted_alias
NR_002595.1,fta-miR398a-3p,-21.13,RPL31P11
NM_013321.4,fta-miR398a-3p,-20.96,SNX8
NM_001167576.2,fta-miR398a-3p,-20.84,TRPC7
NM_005063.5,fta-miR398a-3p,-20.42,SCD
NM_020783.4,fta-miR398a-3p,-19.34,SYT4
NM_001350809.1,fta-miR398a-3p,-18.97,SELENOV
NM_001278439.2,fta-miR398a-3p,-18.76,CLASRP
NM_000095.3,fta-miR398a-3p,-18.44,COMP
NM_007030.3,fta-miR398a-3p,-18.29,TPPP
NM_001411043.1,fta-miR398a-3p,-18.27,HEPACAM
NM_004691.5,fta-miR398a-3p,-18.22,ATP6V0D1
NM_001367808.1,fta-miR398a-3p,-17.76,FBXL22
NM_001553.3,fta-miR398a-3p,-17.76,IGFBP7
NM_003012.5,fta-miR398a-3p,-17.74,SFRP1
NM_000348.4,fta-miR398a-3p,-17.71,SRD5A2
NM_001145720.2,fta-miR398a-3p,-17.43,ZBTB8B
NM_001170905.3,fta-miR398a-3p,-17.43,ZNF736
NM_001080539.2,fta-miR398a-3p,-17.42,CCDC150
NM_001144888.2,fta-miR398a-3p,-17.41,BAIAP2
NM_018019.3,fta-miR398a-3p,-17.21,MED9
NM_001394131.1,fta-miR398a-3p,-17.09,SLC16A8
NM_000020.3,fta-miR398a-3p,-17.02,ACVRL1
NM_020815.3,fta-miR398a-3p,-16.98,PCDH10
NR_030598.1,fta-miR398a-3p,-16.97,MIR708
NM_001159708.2,fta-miR398a-3p,-16.96,BTNL8
NM_001252335.2,fta-miR398a-3p,-16.92,CGNL1
NR_026844.1,fta-miR398a-3p,-16.84,ANKRD36BP1
NM_001039802.2,fta-miR398a-3p,-16.77,CDC42
NM_001318323.3,fta-miR398a-3p,-16.58,NFAM1
NM_001300815.2,fta-miR398a-3p,-16.57,CIRBP
NM_004450.3,fta-miR398a-3p,-16.49,ERH
NM_001202521.1,fta-miR398a-3p,-16.44,DDR1
NM_001301130.2,fta-miR398a-3p,-16.43,POLR2F
NM_001172663.2,fta-miR398a-3p,-16.39,RAB40C
NM_001305155.2,fta-miR398a-3p,-16.33,PPP2R3C
NR_027391.2,fta-miR398a-3p,-16.33,SLC15A3
NM_001363890.1,fta-miR398a-3p,-16.28,JAGN1
NM_013245.3,fta-miR398a-3p,-16.26,VPS4A
NM_002596.4,fta-miR398a-3p,-16.17,CDK18
NM_001142467.2,fta-miR398a-3p,-16.13,HES4
NM_001370480.1,fta-miR398a-3p,-16.11,OR7A5
NM_007051.3,fta-miR398a-3p,-16.04,FAF1
NR_036595.1,fta-miR398a-3p,-16.01,RBM15-AS1
NM_001670.3,fta-miR398a-3p,-15.96,ARVCF
NR_028435.2,fta-miR398a-3p,-15.96,AMT
NM_025106.4,fta-miR398a-3p,-15.92,SPSB1
NM_001256497.3,fta-miR398a-3p,-15.89,CYP3A7-CYP3A51P
NM_001025366.3,fta-miR398a-3p,-15.86,VEGFA
NM_001142930.2,fta-miR398a-3p,-15.75,API5
NM_001324310.2,fta-miR398a-3p,-15.75,FAM20B
NM_015725.4,fta-miR398a-3p,-15.69,RDH8
NM_001135746.3,fta-miR398a-3p,-15.66,NEIL2
NR_120626.1,fta-miR398a-3p,-15.61,LINC01166
NM_001037160.3,fta-miR398a-3p,-15.52,CYS1
NM_001080478.3,fta-miR398a-3p,-15.49,LRRC14B
NM_001160124.2,fta-miR398a-3p,-15.48,KLF6
NM_001375428.1,fta-miR398a-3p,-15.48,SERTAD4
NM_001271938.2,fta-miR398a-3p,-15.46,MEGF8
NR_135813.1,fta-miR398a-3p,-15.35,PDE4DIPP4
NM_001142405.2,fta-miR398a-3p,-15.34,PRELID3A
NM_001136275.2,fta-miR398a-3p,-15.31,AKIRIN1
NM_024642.5,fta-miR398a-3p,-15.28,GALNT12
NM_003542.4,fta-miR398a-3p,-15.25,H4C15
NM_003542.4,fta-miR398a-3p,-15.25,H4C3
NM_006651.4,fta-miR398a-3p,-15.24,CPLX1
NM_001303111.2,fta-miR398a-3p,-15.23,DENND10
NM_001143852.2,fta-miR398a-3p,-15.19,TCHP
NM_005797.4,fta-miR398a-3p,-15.12,MPZL2
NM_001395954.1,fta-miR398a-3p,-15.11,SMIM44
NM_001007559.3,fta-miR398a-3p,-15.06,SS18
NM_005811.5,fta-miR398a-3p,-15.05,GDF11
NM_001080209.3,fta-miR398a-3p,-15.02,TMEM200C
NM_001113378.2,fta-miR398a-3p,-15,FANCI
NM_001303039.2,fta-miR398a-3p,-15,INTS15
NR_003249.2,fta-miR398a-3p,-15,HNRNPDL
NM_001103.4,fta-miR398a-3p,-14.98,ACTN2
NM_001378152.1,fta-miR398a-3p,-14.98,ZNF81
NR_160904.1,fta-miR398a-3p,-14.96,GTSCR1
NM_024037.3,fta-miR398a-3p,-14.94,AUNIP
NM_001276366.4,fta-miR398a-3p,-14.86,C9orf153
NM_001346413.3,fta-miR398a-3p,-14.83,PCF11
NM_001374657.2,fta-miR398a-3p,-14.8,PRSS38
NM_001256267.2,fta-miR398a-3p,-14.78,MYPN
NM_001018011.3,fta-miR398a-3p,-14.77,ZBTB16
NM_001142587.2,fta-miR398a-3p,-14.69,NFYC
NR_002177.1,fta-miR398a-3p,-14.69,TTTY4C
NM_025216.3,fta-miR398a-3p,-14.68,WNT10A
NM_001317991.2,fta-miR398a-3p,-14.66,ATOSB
NM_001081491.2,fta-miR398a-3p,-14.65,NXF1
NM_020225.3,fta-miR398a-3p,-14.62,STOX2
NM_001001557.4,fta-miR398a-3p,-14.59,GDF6
NM_001665.4,fta-miR398a-3p,-14.57,RHOG
NM_000327.4,fta-miR398a-3p,-14.56,ROM1
NM_001242589.3,fta-miR398a-3p,-14.56,TREM1
NM_002228.4,fta-miR398a-3p,-14.56,JUN
NM_001144822.2,fta-miR398a-3p,-14.55,CD58
NM_014654.4,fta-miR398a-3p,-14.55,SDC3
NM_001007267.3,fta-miR398a-3p,-14.53,PLA2R1
NM_001024937.4,fta-miR398a-3p,-14.53,MINK1
NM_020638.3,fta-miR398a-3p,-14.49,FGF23
NM_016399.3,fta-miR396a-5p,-18.53,TRIAP1
NM_001303139.2,fta-miR396a-5p,-18.29,PDZRN3
NM_001271562.2,fta-miR396a-5p,-17.34,C11orf71
NM_199131.3,fta-miR396a-5p,-16.86,VAX1
NM_001330437.2,fta-miR396a-5p,-16.17,PTPN11
NM_001042383.2,fta-miR396a-5p,-15.83,CEP63
NM_001378599.1,fta-miR396a-5p,-15.83,NFILZ
NM_001300906.2,fta-miR396a-5p,-15.82,IBTK
NM_001330322.2,fta-miR396a-5p,-15.71,HOXB3
NM_001252335.2,fta-miR396a-5p,-15.62,CGNL1
NM_001193480.2,fta-miR396a-5p,-15.54,ALDH8A1
NR_160937.1,fta-miR396a-5p,-15.49,C10orf55
NM_014620.6,fta-miR396a-5p,-15.44,HOXC4
NM_001278733.2,fta-miR396a-5p,-15.28,TAGAP
NM_002994.5,fta-miR396a-5p,-15.1,CXCL5
NM_001386884.1,fta-miR396a-5p,-14.75,PCDHGC4
NM_003735.3,fta-miR396a-5p,-14.75,PCDHGA12
NM_018918.3,fta-miR396a-5p,-14.75,PCDHGA5
NM_018922.3,fta-miR396a-5p,-14.75,PCDHGB1
NM_018923.3,fta-miR396a-5p,-14.75,PCDHGB2
NM_033067.3,fta-miR396a-5p,-14.71,DMRTB1
NM_001135673.4,fta-miR396a-5p,-14.44,ATL2
NM_001029891.3,fta-miR396a-5p,-14.43,PGAM4
NM_052959.3,fta-miR396a-5p,-14.24,PANX3
NM_001354631.1,fta-miR396a-5p,-14.07,REELD1
NM_001290265.2,fta-miR396a-5p,-14.06,CERS1
NR_125727.1,fta-miR396a-5p,-14.02,LINC00680
NM_015113.4,fta-miR396a-5p,-14.01,ZZEF1
NM_006370.3,fta-miR396a-5p,-13.93,VTI1B
NM_022573.4,fta-miR396a-5p,-13.9,TSPY2
NM_001174103.2,fta-miR396a-5p,-13.84,RSKR
NM_018242.3,fta-miR396a-5p,-13.84,SLC47A1
NM_001135211.3,fta-miR396a-5p,-13.82,FKBP6
NM_004226.4,fta-miR396a-5p,-13.81,STK17B
NM_020466.5,fta-miR396a-5p,-13.78,LYRM2
NM_001042494.2,fta-miR396a-5p,-13.75,SLC12A6
NM_018321.4,fta-miR396a-5p,-13.68,BRIX1
NM_001267827.2,fta-miR396a-5p,-13.62,ZNF839
NM_001010915.5,fta-miR396a-5p,-13.61,HACD4
NM_001300947.2,fta-miR396a-5p,-13.6,CPSF6
NR_015431.2,fta-miR396a-5p,-13.6,LINC-PINT
NR_045725.1,fta-miR396a-5p,-13.59,CACNA1C-AS1
NM_014510.3,fta-miR396a-5p,-13.46,PCLO
NM_001135995.2,fta-miR396a-5p,-13.41,ATXN3L
NM_001033054.3,fta-miR396a-5p,-13.35,AIPL1
NR_110147.1,fta-miR396a-5p,-13.28,LINC02016
NM_001100164.2,fta-miR396a-5p,-13.24,PHACTR2
NR_134289.1,fta-miR396a-5p,-13.23,LINC02213
NM_001128226.3,fta-miR396a-5p,-13.21,DIS3
NR_148423.2,fta-miR396a-5p,-13.21,ARHGAP11B
NR_170881.1,fta-miR396a-5p,-13.21,GTF2IRD2
NM_001287527.2,fta-miR396a-5p,-13.19,CLIP4
NM_001077697.2,fta-miR396a-5p,-13.1,TSPY3
NM_001164471.2,fta-miR396a-5p,-13.1,TSPY4
NM_001243721.2,fta-miR396a-5p,-13.1,TSPY8
NM_001282469.3,fta-miR396a-5p,-13.1,TSPY10
NM_001396063.1,fta-miR396a-5p,-13.1,TSPY9
NM_005285.5,fta-miR396a-5p,-13.1,NPBWR1
NR_108084.1,fta-miR396a-5p,-13.08,CLSTN2-AS1
NM_000390.4,fta-miR396a-5p,-13.06,CHM
NM_001003712.2,fta-miR396a-5p,-13.01,OSBPL8
NM_001321154.2,fta-miR396a-5p,-13.01,METTL8
NM_001367650.1,fta-miR396a-5p,-13.01,SYT16
NM_001348050.2,fta-miR396a-5p,-12.99,ERV3-1-ZNF117
NM_001348050.2,fta-miR396a-5p,-12.99,ZNF117
NM_182498.4,fta-miR396a-5p,-12.97,ZNF428
NR_033978.1,fta-miR396a-5p,-12.97,LINC00994
NR_135301.1,fta-miR396a-5p,-12.93,SEMA3F-AS1
NM_001009993.4,fta-miR396a-5p,-12.92,FAM168B
NM_014470.4,fta-miR396a-5p,-12.92,RND1
NM_078469.3,fta-miR396a-5p,-12.92,BCCIP
NM_001042543.3,fta-miR396a-5p,-12.9,GLRA3
NM_001093729.2,fta-miR396a-5p,-12.87,CCDC102B
NM_001348381.2,fta-miR396a-5p,-12.87,PMP2
NM_032487.5,fta-miR396a-5p,-12.87,ACTRT3
NM_022780.4,fta-miR396a-5p,-12.85,RMND5A
NM_001134779.2,fta-miR396a-5p,-12.81,IPO11
NM_199341.4,fta-miR396a-5p,-12.79,ZSWIM9
NM_001354346.2,fta-miR396a-5p,-12.76,C1R
NM_080836.4,fta-miR396a-5p,-12.73,STK35
NM_018429.3,fta-miR396a-5p,-12.71,BDP1
NR_027455.5,fta-miR396a-5p,-12.71,EOLA1-DT
NM_001354830.2,fta-miR396a-5p,-12.7,ZNF214
NM_001079878.2,fta-miR396a-5p,-12.69,CNGA3
NM_001362950.1,fta-miR396a-5p,-12.69,NCOA1
NM_001145796.2,fta-miR396a-5p,-12.65,SH2B1
NM_006242.4,fta-miR396a-5p,-12.6,PPP1R3D
NM_000028.2,fta-miR396a-5p,-12.53,AGL
NM_001320724.2,fta-miR396a-5p,-12.51,RWDD2B
NM_006579.3,fta-miR396a-5p,-12.5,EBP
NR_026807.2,fta-miR396a-5p,-12.5,LINC00472
NM_001201484.2,fta-miR396a-5p,-12.49,PIGO
NM_001007525.5,fta-miR396a-5p,-12.46,NWD1
NM_000965.5,fta-miR396a-5p,-12.36,RARB
NM_021933.4,fta-miR396a-5p,-12.36,MIIP
NM_001040110.2,fta-miR396a-5p,-12.31,NRF1
NM_001010873.3,fta-miR396a-5p,-12.3,TSPO2
NM_199344.3,fta-miR396a-5p,-12.26,SFT2D2
NM_001135746.3,fta-miR396a-5p,-12.25,NEIL2
NM_001322854.2,fta-miR396a-5p,-12.25,NIPAL3
NM_003265.3,fta-miR162a-3p,-19.07,TLR3
NM_001720.5,fta-miR162a-3p,-17.02,BMP8B
NR_146158.3,fta-miR162a-3p,-16.61,SETD2
NM_181715.3,fta-miR162a-3p,-16.23,CRTC2
NM_013402.7,fta-miR162a-3p,-15.19,FADS1
NM_001142333.2,fta-miR162a-3p,-15.02,RBFOX1
NM_032494.3,fta-miR162a-3p,-14.8,ZC3H8
NM_001160167.2,fta-miR162a-3p,-14.61,PRR5L
NM_001193502.2,fta-miR162a-3p,-14.21,TCF24
NM_001282531.3,fta-miR162a-3p,-14.15,ADNP
NM_001110503.3,fta-miR162a-3p,-14.04,TMEM87A
NM_014867.3,fta-miR162a-3p,-13.89,KBTBD11
NM_007111.5,fta-miR162a-3p,-13.66,TFDP1
NM_000682.7,fta-miR162a-3p,-13.35,ADRA2B
NM_182703.6,fta-miR162a-3p,-13.15,ANKDD1A
NM_001303139.2,fta-miR162a-3p,-13.09,PDZRN3
NR_002314.3,fta-miR162a-3p,-13.08,SLC25A3P1
NM_013321.4,fta-miR162a-3p,-12.97,SNX8
NM_001270942.1,fta-miR162a-3p,-12.95,KLF7
NM_001301132.2,fta-miR162a-3p,-12.92,BAHD1
NM_001012644.3,fta-miR162a-3p,-12.89,DUSP15
NM_000554.6,fta-miR162a-3p,-12.88,CRX
NM_001143974.3,fta-miR162a-3p,-12.72,ASAH2
NM_182833.3,fta-miR162a-3p,-12.71,GDPD4
NM_001363767.1,fta-miR162a-3p,-12.7,DMRT1
NM_014760.4,fta-miR162a-3p,-12.46,TATDN2
NM_001099733.2,fta-miR162a-3p,-12.44,ADCYAP1
NM_001330417.2,fta-miR162a-3p,-12.32,INTS2
NM_001008537.3,fta-miR162a-3p,-12.24,NEXMIF
NR_135505.1,fta-miR162a-3p,-12.19,SCG5-AS1
NM_198570.5,fta-miR162a-3p,-12.16,VWC2
NM_016557.4,fta-miR162a-3p,-11.96,ACKR4
NM_025219.3,fta-miR162a-3p,-11.89,DNAJC5
NM_001547.5,fta-miR162a-3p,-11.86,IFIT2
NM_001134450.2,fta-miR162a-3p,-11.84,TMEM130
NM_024081.6,fta-miR162a-3p,-11.81,PRRG4
NM_001290046.2,fta-miR162a-3p,-11.77,CECR2
NM_001205319.1,fta-miR162a-3p,-11.75,NXN
NM_001363774.2,fta-miR162a-3p,-11.74,ZNF442
NM_004961.4,fta-miR162a-3p,-11.73,GABRE
NM_001042540.2,fta-miR162a-3p,-11.7,NCBP2
NR_027245.1,fta-miR162a-3p,-11.7,LINC00305
NM_001253891.2,fta-miR162a-3p,-11.63,DGAT2
NM_001102416.3,fta-miR162a-3p,-11.61,KNG1
NM_173794.4,fta-miR162a-3p,-11.61,FUNDC1
NR_109990.1,fta-miR162a-3p,-11.58,NRSN2-AS1
NM_001170574.2,fta-miR162a-3p,-11.56,TENT5D
NM_001366617.1,fta-miR162a-3p,-11.51,RGS14
NM_000601.6,fta-miR162a-3p,-11.44,HGF
NM_001897.5,fta-miR162a-3p,-11.44,CSPG4
NM_001278563.3,fta-miR162a-3p,-11.35,COL26A1
NM_001199898.2,fta-miR162a-3p,-11.33,PDK2
NM_001012320.3,fta-miR162a-3p,-11.32,ZNF302
NM_152230.5,fta-miR162a-3p,-11.23,IPMK
NR_103995.2,fta-miR162a-3p,-11.23,REXO4
NM_001286367.2,fta-miR162a-3p,-11.16,NOP9
NM_032435.3,fta-miR162a-3p,-11.14,MAP3K21
NM_001193465.2,fta-miR162a-3p,-11.08,KANSL1
NM_001102559.2,fta-miR162a-3p,-11.07,PLPP5
NM_001142307.2,fta-miR162a-3p,-11.05,GTF2H1
NR_122072.1,fta-miR162a-3p,-11.05,LINC01567
NM_032498.3,fta-miR162a-3p,-11.04,RHOXF2
NR_027339.1,fta-miR162a-3p,-10.99,FKBP9P1
NM_138447.3,fta-miR162a-3p,-10.98,ZNF689
NM_001395660.1,fta-miR162a-3p,-10.97,LPAR2
NM_001035005.4,fta-miR162a-3p,-10.96,C18orf32
NM_032151.5,fta-miR162a-3p,-10.94,PCBD2
NM_001167738.2,fta-miR162a-3p,-10.91,NAV1
NM_001330181.2,fta-miR162a-3p,-10.86,RHBDL3
NM_020700.2,fta-miR162a-3p,-10.81,PPM1H
NM_005585.5,fta-miR162a-3p,-10.79,SMAD6
NM_020862.2,fta-miR162a-3p,-10.75,LRFN1
NR_046639.1,fta-miR162a-3p,-10.75,PHEX-AS1
NM_001350896.2,fta-miR162a-3p,-10.74,GSAP
NM_017947.4,fta-miR162a-3p,-10.74,MOCOS
NM_001079516.4,fta-miR162a-3p,-10.7,ASAH2B
NM_001565.4,fta-miR162a-3p,-10.69,CXCL10
NM_012174.2,fta-miR162a-3p,-10.69,FBXW8
NM_001145079.2,fta-miR162a-3p,-10.68,COG6
NM_016131.5,fta-miR162a-3p,-10.66,RAB10
NM_152429.5,fta-miR162a-3p,-10.66,FGFBP3
NR_120338.1,fta-miR162a-3p,-10.66,LIPC-AS1
NR_103735.2,fta-miR162a-3p,-10.57,GRIN2C
NM_001321042.2,fta-miR162a-3p,-10.52,INPP5A
NM_004246.3,fta-miR162a-3p,-10.52,GLP2R
NM_015056.3,fta-miR162a-3p,-10.52,RRP1B
NM_152667.3,fta-miR162a-3p,-10.49,NANP
NM_001032392.4,fta-miR162a-3p,-10.48,PLGLB1
NM_001271751.2,fta-miR162a-3p,-10.48,CALCRL
NM_002665.4,fta-miR162a-3p,-10.48,PLGLB2
NM_152400.3,fta-miR162a-3p,-10.46,FAM241A
NM_004922.4,fta-miR162a-3p,-10.43,SEC24C
NM_017842.3,fta-miR162a-3p,-10.43,SLC48A1
NM_001384438.1,fta-miR162a-3p,-10.42,GALNT1
NM_001286210.2,fta-miR162a-3p,-10.41,STX6
NM_001048212.3,fta-miR162a-3p,-10.4,CEMP1
NM_000520.6,fta-miR162a-3p,-10.39,HEXA
NM_001300946.3,fta-miR162a-3p,-10.39,GATAD2A
NM_004388.3,fta-miR162a-3p,-10.35,CTBS
NM_001321207.2,fta-miR162a-3p,-10.34,SUZ12
NM_003778.4,fta-miR858a-5p,-17.18,B4GALT4
NM_001329544.2,fta-miR858a-5p,-15.7,PTDSS2
NR_134311.1,fta-miR858a-5p,-15.38,E2F5-DT
NM_014668.4,fta-miR858a-5p,-15.11,GREB1
NR_134634.1,fta-miR858a-5p,-14.91,LINC02535
NR_134605.1,fta-miR858a-5p,-14.79,COSMOC
NM_001319967.1,fta-miR858a-5p,-14.55,NLRP2B
NR_135287.1,fta-miR858a-5p,-14.41,LINC01376
NM_001282396.2,fta-miR858a-5p,-14.05,HPCAL4
NM_020770.3,fta-miR858a-5p,-14.05,CGN
NM_080549.4,fta-miR858a-5p,-14.04,PTPN6
NM_001038633.4,fta-miR858a-5p,-13.79,RSPO1
NM_001142733.3,fta-miR858a-5p,-13.55,ASB14
NM_012296.4,fta-miR858a-5p,-13.51,GAB2
NM_001301025.3,fta-miR858a-5p,-13.43,TJP1
NM_001386884.1,fta-miR858a-5p,-13.41,PCDHGC4
NM_002588.4,fta-miR858a-5p,-13.41,PCDHGC3
NM_003735.3,fta-miR858a-5p,-13.41,PCDHGA12
NM_003736.4,fta-miR858a-5p,-13.41,PCDHGB4
NM_018912.3,fta-miR858a-5p,-13.41,PCDHGA1
NM_018913.3,fta-miR858a-5p,-13.41,PCDHGA10
NM_018914.3,fta-miR858a-5p,-13.41,PCDHGA11
NM_018915.4,fta-miR858a-5p,-13.41,PCDHGA2
NM_018916.4,fta-miR858a-5p,-13.41,PCDHGA3
NM_018917.4,fta-miR858a-5p,-13.41,PCDHGA4
NM_018918.3,fta-miR858a-5p,-13.41,PCDHGA5
NM_018919.3,fta-miR858a-5p,-13.41,PCDHGA6
NM_018920.4,fta-miR858a-5p,-13.41,PCDHGA7
NM_018921.3,fta-miR858a-5p,-13.41,PCDHGA9
NM_018922.3,fta-miR858a-5p,-13.41,PCDHGB1
NM_018923.3,fta-miR858a-5p,-13.41,PCDHGB2
NM_018924.5,fta-miR858a-5p,-13.41,PCDHGB3
NM_018925.3,fta-miR858a-5p,-13.41,PCDHGB5
NM_018927.4,fta-miR858a-5p,-13.41,PCDHGB7
NM_018929.3,fta-miR858a-5p,-13.41,PCDHGC5
NM_032088.2,fta-miR858a-5p,-13.41,PCDHGA8
NM_181449.3,fta-miR858a-5p,-13.35,CD300E
NM_001405291.1,fta-miR858a-5p,-13.26,FBXL14
NM_001386794.1,fta-miR858a-5p,-13.22,C19orf85
NR_104189.1,fta-miR858a-5p,-13.21,SRGAP2-AS1
NM_015691.5,fta-miR858a-5p,-13.08,WWC3
NM_001316323.2,fta-miR858a-5p,-12.99,POLR2E
XM_011525275.3,fta-miR858a-5p,-12.94,MRM1
NM_001160184.2,fta-miR858a-5p,-12.85,PLEKHN1
NR_073485.2,fta-miR858a-5p,-12.84,TPTE2
NM_004479.4,fta-miR858a-5p,-12.65,FUT7
NM_030629.3,fta-miR858a-5p,-12.65,CMIP
NM_001258423.2,fta-miR858a-5p,-12.6,SMS
NM_005545.4,fta-miR858a-5p,-12.57,ISLR
NM_004158.5,fta-miR858a-5p,-12.54,PSPN
NM_001165032.2,fta-miR858a-5p,-12.49,RNF182
NM_001384347.1,fta-miR858a-5p,-12.39,MTG2
NM_001384438.1,fta-miR858a-5p,-12.39,GALNT1
NM_031313.3,fta-miR858a-5p,-12.32,ALPG
NM_000304.4,fta-miR858a-5p,-12.3,PMP22
NM_001142935.2,fta-miR858a-5p,-12.3,MXD3
NM_001282290.2,fta-miR858a-5p,-12.27,ARHGAP27
NM_017706.5,fta-miR858a-5p,-12.23,WDR55
NM_013358.3,fta-miR858a-5p,-12.22,PADI1
NM_001127228.2,fta-miR858a-5p,-12.21,CBX1
NM_007208.4,fta-miR858a-5p,-12.2,MRPL3
NR_136241.2,fta-miR858a-5p,-12.1,CA11
NM_058219.3,fta-miR858a-5p,-12.09,EXOSC6
NM_001010915.5,fta-miR858a-5p,-12.04,HACD4
NM_001258290.2,fta-miR858a-5p,-12,PRSS36
NM_001303471.3,fta-miR858a-5p,-11.96,TXNL4A
NM_001318511.2,fta-miR858a-5p,-11.93,CTDP1
NM_147180.4,fta-miR858a-5p,-11.93,PPP3R2
NM_003396.3,fta-miR858a-5p,-11.92,WNT9B
NM_001353591.2,fta-miR858a-5p,-11.91,ABCD4
NM_005565.5,fta-miR858a-5p,-11.87,LCP2
NM_001012455.2,fta-miR858a-5p,-11.83,ZSCAN23
NM_001371595.1,fta-miR858a-5p,-11.82,MFSD8
NR_136214.1,fta-miR858a-5p,-11.82,KCNIP1-AS1
NM_001329861.2,fta-miR858a-5p,-11.73,TRUB2
NM_001367711.1,fta-miR858a-5p,-11.71,HRH2
NM_001190809.2,fta-miR858a-5p,-11.66,DHX35
NM_001375824.1,fta-miR858a-5p,-11.66,ZMAT3
NM_001281748.3,fta-miR858a-5p,-11.65,SIK3
NM_001330438.2,fta-miR858a-5p,-11.65,DDX25
NM_032242.4,fta-miR858a-5p,-11.65,PLXNA1
NM_001346083.2,fta-miR858a-5p,-11.6,CNTN2
NR_003594.1,fta-miR858a-5p,-11.6,REXO1L2P
NM_001004460.2,fta-miR858a-5p,-11.58,OR10A2
NM_002226.5,fta-miR858a-5p,-11.58,JAG2
NM_001321471.2,fta-miR858a-5p,-11.57,THRAP3
NM_001277335.2,fta-miR858a-5p,-11.56,RASA4B
NR_038231.1,fta-miR858a-5p,-11.56,LINC01114
NR_160416.1,fta-miR858a-5p,-11.52,SCARB1
NM_003803.4,fta-miR858a-5p,-11.46,MYOM1
NM_001037814.1,fta-miR858a-5p,-11.44,GAB4
NM_001079514.3,fta-miR858a-5p,-11.38,UBN1
NM_005715.3,fta-miR858a-5p,-11.37,UST
NM_001278322.2,fta-miR858a-5p,-11.33,MOBP
NM_001632.5,fta-miR858a-5p,-11.33,ALPP
NM_001363774.2,fta-miR858a-5p,-11.28,ZNF442
NM_001385690.1,fta-miR858a-5p,-11.28,MAP4
NM_004996.4,fta-miR858a-5p,-11.25,ABCC1
NM_001195201.2,fta-miR858a-5p,-11.23,CCDC107
NM_001267609.1,fta-miR858a-5p,-11.21,GPR161
NM_001378205.1,fta-miR164a-5p,-25.95,MTCL1
NM_001319.7,fta-miR164a-5p,-24.79,CSNK1G2
NR_125366.1,fta-miR164a-5p,-24.34,CASC23
NM_001098536.2,fta-miR164a-5p,-23.18,USP5
NM_001318496.2,fta-miR164a-5p,-23.05,CABP2
NM_001271087.2,fta-miR164a-5p,-22.98,VPS72
NM_022658.4,fta-miR164a-5p,-22.9,HOXC8
NM_001321544.2,fta-miR164a-5p,-22.88,SLC25A42
NM_001164417.3,fta-miR164a-5p,-22.79,SSX2B
NM_001278697.2,fta-miR164a-5p,-22.79,SSX2
NM_002577.4,fta-miR164a-5p,-22.69,PAK2
NM_001300735.2,fta-miR164a-5p,-22.65,RASGEF1B
NM_001256599.2,fta-miR164a-5p,-22.45,TRIM46
NM_001300810.1,fta-miR164a-5p,-22.29,KRT85
NM_001128620.2,fta-miR164a-5p,-22.28,PAK1
NM_001122842.3,fta-miR164a-5p,-22.14,NCOA7
NM_018361.5,fta-miR164a-5p,-22.14,AGPAT5
NM_006456.3,fta-miR164a-5p,-22.06,ST6GALNAC2
NM_001267059.2,fta-miR164a-5p,-21.9,SNX17
NM_001371271.1,fta-miR164a-5p,-21.9,GLI2
NM_001329544.2,fta-miR164a-5p,-21.86,PTDSS2
NM_001256672.2,fta-miR164a-5p,-21.84,STOML1
NM_001287181.2,fta-miR164a-5p,-21.83,CCDC33
NM_024109.4,fta-miR164a-5p,-21.83,METTL22
NM_001282454.2,fta-miR164a-5p,-21.61,SNX5
NM_001369604.1,fta-miR164a-5p,-21.6,ST7
NM_001369604.1,fta-miR164a-5p,-21.6,ST7-OT3
NM_001166695.3,fta-miR164a-5p,-21.48,SLC1A3
NM_024042.4,fta-miR164a-5p,-21.45,METRN
NM_001142473.2,fta-miR164a-5p,-21.39,FCMR
NM_000745.4,fta-miR164a-5p,-21.36,CHRNA5
NM_001291866.2,fta-miR164a-5p,-21.34,GALNT2
NM_001330209.2,fta-miR164a-5p,-21.31,OFD1
NM_006015.6,fta-miR164a-5p,-21.3,ARID1A
NM_016458.4,fta-miR164a-5p,-21,HGH1
NM_033085.3,fta-miR164a-5p,-20.97,FATE1
NM_001097589.2,fta-miR164a-5p,-20.95,SPRR3
NM_001281463.1,fta-miR164a-5p,-20.9,SMC1A
NM_001167880.2,fta-miR164a-5p,-20.88,LHPP
NM_001376129.1,fta-miR164a-5p,-20.88,TTC31
NR_103746.1,fta-miR164a-5p,-20.81,LINC01356
NR_135091.1,fta-miR164a-5p,-20.81,LINC02746
NM_001099676.3,fta-miR164a-5p,-20.72,C12orf56
NM_145798.3,fta-miR164a-5p,-20.69,OSBPL7
NR_034140.1,fta-miR164a-5p,-20.59,LINC00612
NM_001039574.3,fta-miR164a-5p,-20.51,KCNC4
NM_178229.5,fta-miR164a-5p,-20.51,IQGAP3
NM_001085474.2,fta-miR164a-5p,-20.49,LYPD8
NM_003255.5,fta-miR164a-5p,-20.47,TIMP2
NR_026680.3,fta-miR164a-5p,-20.46,LINC02210
NM_001001827.2,fta-miR164a-5p,-20.45,OR2T35
NM_001004136.2,fta-miR164a-5p,-20.45,OR2T2
NM_000786.4,fta-miR164a-5p,-20.42,CYP51A1
NM_145288.3,fta-miR164a-5p,-20.27,ZNF296
NM_130848.3,fta-miR164a-5p,-20.26,DCANP1
NM_017966.5,fta-miR164a-5p,-20.25,VPS37C
NM_001017440.3,fta-miR164a-5p,-20.24,CALN1
NR_028059.1,fta-miR164a-5p,-20.24,PMS2P3
NM_024734.4,fta-miR164a-5p,-20.23,CLMN
NM_001134387.2,fta-miR164a-5p,-20.19,ZDHHC4
NM_001271684.2,fta-miR164a-5p,-20.16,SLC35A3
NM_001080467.3,fta-miR164a-5p,-20.15,MYO5B
NM_001317950.2,fta-miR164a-5p,-20.13,AKNA
NM_001662.4,fta-miR164a-5p,-20.12,ARF5
NM_052945.4,fta-miR164a-5p,-20.12,TNFRSF13C
NM_001144034.2,fta-miR164a-5p,-19.98,TMEM25
NM_001329866.3,fta-miR164a-5p,-19.98,PYCR3
NR_145966.2,fta-miR164a-5p,-19.96,DENND5A
NM_001039457.3,fta-miR164a-5p,-19.85,ATP6V0B
NM_001011666.3,fta-miR164a-5p,-19.82,CREB5
NM_001270890.2,fta-miR164a-5p,-19.68,HAUS6
NM_001364012.2,fta-miR164a-5p,-19.66,NOTCH2NLC
NM_001374257.1,fta-miR164a-5p,-19.66,NPHP1
NM_001244701.1,fta-miR164a-5p,-19.65,ZFP36L1
NM_001144756.2,fta-miR164a-5p,-19.62,NPFFR2
NM_003740.4,fta-miR164a-5p,-19.62,KCNK5
NM_001354924.1,fta-miR164a-5p,-19.6,IRF1
NM_001013657.3,fta-miR164a-5p,-19.51,GDPGP1
NM_006231.4,fta-miR164a-5p,-19.51,POLE
NM_004629.2,fta-miR164a-5p,-19.47,FANCG
NM_001397448.1,fta-miR164a-5p,-19.46,KANTR
NM_001144952.2,fta-miR164a-5p,-19.42,SDK2
NM_001024679.3,fta-miR164a-5p,-19.39,C1orf68
NM_001080998.2,fta-miR164a-5p,-19.37,FRG2B
NM_001379180.1,fta-miR164a-5p,-19.35,ESRRB
NM_031897.3,fta-miR164a-5p,-19.33,CACNG6
NR_030684.2,fta-miR164a-5p,-19.29,TRAPPC1
NM_001281.3,fta-miR164a-5p,-19.28,TBCB
NR_072988.2,fta-miR164a-5p,-19.26,MACROD2-AS1
NM_001077445.3,fta-miR164a-5p,-19.23,JADE3
NM_001366174.1,fta-miR164a-5p,-19.23,RAVER1
NM_001159286.2,fta-miR164a-5p,-19.2,HDAC10
NM_001382358.1,fta-miR164a-5p,-19.19,HNRNPCL3
NM_001286834.3,fta-miR164a-5p,-19.15,RNASEH1
NM_001139441.1,fta-miR164a-5p,-19.12,BCAP31
NM_001350001.2,fta-miR164a-5p,-19.12,JCAD
NM_001372163.1,fta-miR164a-5p,-19.11,PRRG3
NM_001135219.2,fta-miR164a-5p,-19.08,PIP5KL1
NM_147128.4,fta-miR164a-5p,-19.08,ZNRF2
NM_178034.4,fta-miR164a-5p,-19.08,PLA2G4D
NM_016932.5,fta-miR156a-5p,-23.25,SIX2
NM_001145464.2,fta-miR156a-5p,-22.91,EXOG
NM_015527.4,fta-miR156a-5p,-21.6,TBC1D10B
NM_001080114.2,fta-miR156a-5p,-21.45,LDB3
NM_015083.4,fta-miR156a-5p,-21.45,CDK12
NM_033121.2,fta-miR156a-5p,-21.43,ANKRD13A
NM_005865.4,fta-miR156a-5p,-21.04,PRSS16
NM_001004360.5,fta-miR156a-5p,-20.96,DPP10
NM_001257096.2,fta-miR156a-5p,-20.07,PAX1
NM_001123395.2,fta-miR156a-5p,-19.98,CLDN19
NM_001318246.2,fta-miR156a-5p,-19.83,CREB3L2
NM_001306084.2,fta-miR156a-5p,-19.64,CFAP54
NM_033087.4,fta-miR156a-5p,-19.31,ALG2
NM_001012426.2,fta-miR156a-5p,-19.25,FOXP4
NM_001195302.2,fta-miR156a-5p,-19.11,USB1
NM_001308022.2,fta-miR156a-5p,-19.02,TNS1
NM_015726.4,fta-miR156a-5p,-19,DCAF8
NM_001848.3,fta-miR156a-5p,-18.91,COL6A1
NM_001159727.2,fta-miR156a-5p,-18.87,PLBD2
NR_103785.1,fta-miR156a-5p,-18.8,SIX3-AS1
NM_001137664.2,fta-miR156a-5p,-18.55,ANAPC7
NM_001300899.2,fta-miR156a-5p,-18.42,MYO6
NM_001037666.3,fta-miR156a-5p,-18.4,CASTOR1
NM_001256599.2,fta-miR156a-5p,-18.19,TRIM46
NM_144602.4,fta-miR156a-5p,-18.14,C16orf78
NM_001318508.2,fta-miR156a-5p,-18.06,FCF1
NM_001085377.2,fta-miR156a-5p,-18.05,MCC
NM_001303012.2,fta-miR156a-5p,-18.05,PLCH2
NM_138806.4,fta-miR156a-5p,-18.05,CD200R1
NM_001085458.2,fta-miR156a-5p,-18.03,CTNND1
NM_052859.4,fta-miR156a-5p,-17.97,RFT1
NM_001009584.2,fta-miR156a-5p,-17.96,ARMCX6
NM_001002035.2,fta-miR156a-5p,-17.94,DEFB108B
NM_001142531.1,fta-miR156a-5p,-17.83,SH2D3C
NM_001031681.3,fta-miR156a-5p,-17.82,CTNS
NM_001142961.1,fta-miR156a-5p,-17.82,LPAR5
NM_001311311.2,fta-miR156a-5p,-17.79,VKORC1
NR_120621.1,fta-miR156a-5p,-17.78,LINC02681
NM_001795.5,fta-miR156a-5p,-17.76,CDH5
NM_001003794.3,fta-miR156a-5p,-17.75,MGLL
NM_001270483.1,fta-miR156a-5p,-17.67,TST
NM_001203.3,fta-miR156a-5p,-17.6,BMPR1B
NM_001317078.4,fta-miR156a-5p,-17.4,MED19
NM_001163788.4,fta-miR156a-5p,-17.38,PTBP3
NM_001270482.2,fta-miR156a-5p,-17.34,PSMD11
NM_001297555.2,fta-miR156a-5p,-17.28,MAP2K7
NM_001354764.2,fta-miR156a-5p,-17.07,ITGB5
NM_001238.4,fta-miR156a-5p,-16.97,CCNE1
NM_001261400.3,fta-miR156a-5p,-16.97,PSMD9
NR_152746.1,fta-miR156a-5p,-16.89,LINC01550
NM_001307939.2,fta-miR156a-5p,-16.84,ARID3B
NM_001103146.3,fta-miR156a-5p,-16.81,GIGYF2
NM_001135629.3,fta-miR156a-5p,-16.81,PPP1R21
NM_001081442.3,fta-miR156a-5p,-16.76,LILRB5
NM_001346100.2,fta-miR156a-5p,-16.74,CCDC97
NM_052950.4,fta-miR156a-5p,-16.64,WDFY2
NM_020122.5,fta-miR156a-5p,-16.56,KCMF1
NM_022061.4,fta-miR156a-5p,-16.52,MRPL17
NM_001199434.2,fta-miR156a-5p,-16.46,NIP7
NM_021228.3,fta-miR156a-5p,-16.42,SCAF1
NM_001789.3,fta-miR156a-5p,-16.39,CDC25A
NM_022166.4,fta-miR156a-5p,-16.39,XYLT1
NR_027471.1,fta-miR156a-5p,-16.39,LINC02893
NR_103769.1,fta-miR156a-5p,-16.38,LINC02324
NM_001244972.2,fta-miR156a-5p,-16.34,NRP1
NM_004759.5,fta-miR156a-5p,-16.32,MAPKAPK2
NM_001165977.3,fta-miR156a-5p,-16.31,PROM2
NM_001018090.6,fta-miR156a-5p,-16.28,GCOM1
NM_025261.3,fta-miR156a-5p,-16.27,LY6G6C
NM_138733.5,fta-miR156a-5p,-16.25,PGK2
NM_016275.5,fta-miR156a-5p,-16.23,SELENOT
NM_001099645.2,fta-miR156a-5p,-16.21,RPL22L1
NM_001321982.2,fta-miR156a-5p,-16.21,PRKAR2A
NM_001042479.2,fta-miR156a-5p,-16.17,GEMIN8
NM_001258375.2,fta-miR156a-5p,-16.17,EPS15L1
NR_038932.1,fta-miR156a-5p,-16.15,LINC00838
NM_003936.5,fta-miR156a-5p,-16.13,CDK5R2
NM_000278.5,fta-miR156a-5p,-16.12,PAX2
NM_002379.3,fta-miR156a-5p,-16.11,MATN1
NM_000778.4,fta-miR156a-5p,-16.1,CYP4A11
NM_012120.3,fta-miR156a-5p,-16.09,CD2AP
NM_001199760.2,fta-miR156a-5p,-16.07,ST20-MTHFS
NM_001145337.3,fta-miR156a-5p,-16.06,MDM2
NM_003848.4,fta-miR156a-5p,-16.03,SUCLG2
NM_006369.5,fta-miR156a-5p,-15.98,LRRC41
NM_001192.3,fta-miR156a-5p,-15.96,TNFRSF17
NM_019116.3,fta-miR156a-5p,-15.95,UBFD1
NM_019004.2,fta-miR156a-5p,-15.87,ANKIB1
NM_005554.4,fta-miR156a-5p,-15.82,KRT6A
NM_001365977.2,fta-miR156a-5p,-15.8,SEPTIN1
NR_146471.1,fta-miR156a-5p,-15.8,LINC01903
NM_000311.5,fta-miR156a-5p,-15.78,PRNP
NM_000851.4,fta-miR156a-5p,-15.78,GSTM5
NM_001193397.2,fta-miR156a-5p,-15.77,PTPA
NM_005027.4,fta-miR156a-5p,-15.65,PIK3R2
NM_001271875.2,fta-miR156a-5p,-15.58,CUEDC1
NR_104187.1,fta-miR156a-5p,-15.58,APOBEC3B-AS1
NR_126012.1,fta-miR156a-5p,-15.56,LINC01695
NM_001085354.3,fta-miR156a-5p,-15.54,MORC4
NM_001099856.6,fta-miR156a-5p,-15.52,IKBKG
NR_046090.1,fta-miR319a-3p,-27.44,DGAT2-DT
NM_001194.4,fta-miR319a-3p,-24.04,HCN2
NM_001309426.2,fta-miR319a-3p,-22.57,FAM205C
NM_138704.4,fta-miR319a-3p,-22.37,NSMCE3
XM_005266059.4,fta-miR319a-3p,-22.18,PMPCA
NM_001407571.1,fta-miR319a-3p,-22.02,BRCA1
NR_120508.1,fta-miR319a-3p,-21.57,ELFN1-AS1
NM_207459.4,fta-miR319a-3p,-21.52,TEX19
NM_001080501.3,fta-miR319a-3p,-21.04,TMEM223
NM_001166212.2,fta-miR319a-3p,-20.79,CLCF1
NM_001040108.2,fta-miR319a-3p,-20.59,MLH3
NM_001185022.2,fta-miR319a-3p,-20.37,CLDN7
NM_000048.4,fta-miR319a-3p,-20.13,ASL
NM_001370259.2,fta-miR319a-3p,-20.09,MEN1
NM_001318842.1,fta-miR319a-3p,-19.71,CNPY3
NM_015964.4,fta-miR319a-3p,-19.58,TPPP3
NM_001122772.3,fta-miR319a-3p,-19.56,AGAP2
NM_001128916.2,fta-miR319a-3p,-19.52,TOMM40
NM_001142560.2,fta-miR319a-3p,-19.48,METTL25B
NM_024529.5,fta-miR319a-3p,-19.45,CDC73
NM_024789.4,fta-miR319a-3p,-19.26,MFSD13A
NM_001330365.2,fta-miR319a-3p,-19.11,ZNF561
NM_001256799.3,fta-miR319a-3p,-19.04,GAPDH
NM_001324504.2,fta-miR319a-3p,-18.97,KMT5A
NM_013446.4,fta-miR319a-3p,-18.94,MKRN1
NM_001130925.2,fta-miR319a-3p,-18.77,ERVW-1
NM_001369521.2,fta-miR319a-3p,-18.76,TRIM39
NM_001355016.2,fta-miR319a-3p,-18.64,PDGFRB
NM_178170.3,fta-miR319a-3p,-18.52,NEK8
NM_001319077.2,fta-miR319a-3p,-18.51,HMGA1
NM_001349021.2,fta-miR319a-3p,-18.49,NME9
NM_001076785.3,fta-miR319a-3p,-18.47,SLC7A6
NM_173658.4,fta-miR319a-3p,-18.43,ZNF660
NM_001039350.3,fta-miR319a-3p,-18.38,DPP6
NR_046841.1,fta-miR319a-3p,-18.33,TTLL7-IT1
NM_001354650.2,fta-miR319a-3p,-18.31,OGG1
NM_001365125.2,fta-miR319a-3p,-18.28,NUP98
NM_001177675.2,fta-miR319a-3p,-18.25,PNPLA5
NM_000890.5,fta-miR319a-3p,-18.22,KCNJ5
NM_001004334.4,fta-miR319a-3p,-18.22,GPR179
NM_020717.5,fta-miR319a-3p,-18.22,SHROOM4
NR_125846.1,fta-miR319a-3p,-18.19,FARS2-AS1
NM_001146685.2,fta-miR319a-3p,-18.18,TMEM88B
NM_001079802.2,fta-miR319a-3p,-18.16,FKTN
NM_001146116.2,fta-miR319a-3p,-18.13,DIP2A
NM_001354158.2,fta-miR319a-3p,-18.07,ACSL3
NM_001281956.2,fta-miR319a-3p,-18.02,CSMD2
NM_002769.5,fta-miR319a-3p,-18.02,PRSS1
NR_047684.3,fta-miR319a-3p,-17.93,TMEM249
NM_145657.3,fta-miR319a-3p,-17.91,GSX1
NM_001193314.2,fta-miR319a-3p,-17.87,VIPAS39
NR_073386.1,fta-miR319a-3p,-17.81,ALG1L9P
NM_001282478.1,fta-miR319a-3p,-17.8,PRR23D2
NM_001282479.1,fta-miR319a-3p,-17.8,PRR23D1
NM_003345.5,fta-miR319a-3p,-17.8,UBE2I
NM_024017.5,fta-miR319a-3p,-17.8,HOXB9
NM_080870.4,fta-miR319a-3p,-17.73,MUCL3
NM_001278233.2,fta-miR319a-3p,-17.69,LMCD1
NR_108085.1,fta-miR319a-3p,-17.69,OVOL1-AS1
NM_001244926.2,fta-miR319a-3p,-17.67,PRPF4
NM_001199172.2,fta-miR319a-3p,-17.66,MGAT5B
NM_001010922.3,fta-miR319a-3p,-17.64,BCL2L15
NM_001278370.2,fta-miR319a-3p,-17.63,MPP2
NM_001385275.1,fta-miR319a-3p,-17.61,GPRIN2
NM_001143804.2,fta-miR319a-3p,-17.6,PHOSPHO1
NR_146714.1,fta-miR319a-3p,-17.58,LINC02068
NM_005538.4,fta-miR319a-3p,-17.57,INHBC
NM_001172650.3,fta-miR319a-3p,-17.56,ZNF559-ZNF177
NM_001172651.2,fta-miR319a-3p,-17.56,ZNF177
NM_001303525.2,fta-miR319a-3p,-17.56,TUBB6
NM_001031714.4,fta-miR319a-3p,-17.47,INF2
NM_001142405.2,fta-miR319a-3p,-17.47,PRELID3A
NM_001122834.4,fta-miR319a-3p,-17.45,HHAT
NM_001162995.3,fta-miR319a-3p,-17.41,SMIM5
NM_017956.4,fta-miR319a-3p,-17.41,TRMT12
NM_001330453.2,fta-miR319a-3p,-17.39,TTYH2
NM_001101648.2,fta-miR319a-3p,-17.36,NPC1L1
NM_000501.4,fta-miR319a-3p,-17.32,ELN
NM_005858.4,fta-miR319a-3p,-17.31,AKAP8
NM_006305.4,fta-miR319a-3p,-17.28,ANP32A
NR_110184.1,fta-miR319a-3p,-17.28,FAM111A-DT
NM_001324188.2,fta-miR319a-3p,-17.26,LRRN1
NM_001320893.1,fta-miR319a-3p,-17.24,DNMT3A
NM_001304506.2,fta-miR319a-3p,-17.23,ZKSCAN4
NM_001243093.2,fta-miR319a-3p,-17.18,FYB1
NM_022358.4,fta-miR319a-3p,-17.09,KCNK15
NM_001146.5,fta-miR319a-3p,-17.06,ANGPT1
NM_001042678.2,fta-miR319a-3p,-17.05,RHOC
NM_001165978.3,fta-miR319a-3p,-17.02,PROM2
NM_175857.4,fta-miR319a-3p,-16.98,KRTAP8-1
NM_001364690.2,fta-miR319a-3p,-16.97,C4orf50
NR_146988.1,fta-miR319a-3p,-16.96,LINC01891
NM_001300801.2,fta-miR319a-3p,-16.93,PITPNM2
NM_001323517.1,fta-miR319a-3p,-16.93,RBP4
NM_052945.4,fta-miR319a-3p,-16.91,TNFRSF13C
NM_000540.3,fta-miR319a-3p,-16.9,RYR1
NM_004223.5,fta-miR319a-3p,-16.9,UBE2L6
NM_001243645.2,fta-miR319a-3p,-16.89,CFL2
NM_000304.4,fta-miR319a-3p,-16.88,PMP22
NM_001080436.2,fta-miR319a-3p,-16.88,WTIP
NM_001330159.3,fta-miR167a-5p,-21.53,DHRS7B
NR_121680.1,fta-miR167a-5p,-20.88,LINC01398
NM_001866.3,fta-miR167a-5p,-19.68,COX7B
NM_001336.4,fta-miR167a-5p,-18.8,CTSZ
NM_002556.3,fta-miR167a-5p,-18.35,OSBP
NM_018663.3,fta-miR167a-5p,-18.34,PXMP2
NM_001044369.3,fta-miR167a-5p,-17.55,DIPK1C
NM_001286414.3,fta-miR167a-5p,-17.34,TUBGCP4
NM_000834.5,fta-miR167a-5p,-17.26,GRIN2B
NM_001170701.3,fta-miR167a-5p,-17.07,MBNL3
NR_110753.1,fta-miR167a-5p,-17,LINC02466
NM_001352885.1,fta-miR167a-5p,-16.96,SMIM31
NM_001199017.3,fta-miR167a-5p,-16.94,LRRC49
NR_138030.2,fta-miR167a-5p,-16.66,TMEM243
NM_001297565.2,fta-miR167a-5p,-16.61,UQCRH
NM_001251962.2,fta-miR167a-5p,-16.59,ARHGEF26
NM_001290229.2,fta-miR167a-5p,-16.55,SCAMP1
NM_001166005.2,fta-miR167a-5p,-16.52,EPB41
NM_198721.4,fta-miR167a-5p,-16.3,COL25A1
NM_000386.4,fta-miR167a-5p,-16.08,BLMH
NM_001321729.2,fta-miR167a-5p,-16.02,EXOC6B
NM_022121.5,fta-miR167a-5p,-15.98,PERP
NM_001105192.3,fta-miR167a-5p,-15.91,TLE3
NM_032126.5,fta-miR167a-5p,-15.91,TEX35
NM_001284301.3,fta-miR167a-5p,-15.88,ANLN
NM_178190.3,fta-miR167a-5p,-15.64,ATP5IF1
NM_001354017.2,fta-miR167a-5p,-15.52,NETO1
NM_000236.3,fta-miR167a-5p,-15.51,LIPC
NR_045767.1,fta-miR167a-5p,-15.43,KCNJ5-AS1
NM_016001.3,fta-miR167a-5p,-15.38,UTP18
NM_153000.5,fta-miR167a-5p,-15.3,APCDD1
NR_135286.1,fta-miR167a-5p,-15.24,LINC00517
NM_001009959.3,fta-miR167a-5p,-15.2,ERMN
NM_000044.6,fta-miR167a-5p,-15.16,AR
NM_001040616.3,fta-miR167a-5p,-15.08,LINS1
NM_001197051.2,fta-miR167a-5p,-14.97,ZFP91
NR_024090.2,fta-miR167a-5p,-14.8,LINC00320
NM_007083.5,fta-miR167a-5p,-14.78,NUDT6
NR_033959.1,fta-miR167a-5p,-14.7,SMG1P7
NM_001143948.2,fta-miR167a-5p,-14.68,ADTRP
NM_002524.5,fta-miR167a-5p,-14.68,NRAS
NR_048548.2,fta-miR167a-5p,-14.68,SLC6A9
NM_001098811.2,fta-miR167a-5p,-14.63,SEPTIN8
NM_001042403.3,fta-miR167a-5p,-14.58,USP44
NM_203347.2,fta-miR167a-5p,-14.54,LCN15
NM_001242920.2,fta-miR167a-5p,-14.48,PLTP
NM_006226.4,fta-miR167a-5p,-14.46,PLCL1
NM_001122842.3,fta-miR167a-5p,-14.45,NCOA7
NM_001370553.1,fta-miR167a-5p,-14.42,SLC16A11
NM_005250.3,fta-miR167a-5p,-14.37,FOXL1
NM_001256599.2,fta-miR167a-5p,-14.36,TRIM46
NM_001370351.1,fta-miR167a-5p,-14.34,POLR3G
NM_001161363.2,fta-miR167a-5p,-14.27,NPTN
NM_000246.4,fta-miR167a-5p,-14.14,CIITA
NM_006039.5,fta-miR167a-5p,-14.11,MRC2
NR_149060.1,fta-miR167a-5p,-14.09,LINC02561
NM_001109763.2,fta-miR167a-5p,-14.06,GSG1L
NM_001322284.2,fta-miR167a-5p,-14.04,ZNF432
NM_001317734.2,fta-miR167a-5p,-13.99,PBXIP1
NM_001002905.2,fta-miR167a-5p,-13.96,OR8G1
NM_145798.3,fta-miR167a-5p,-13.91,OSBPL7
NM_080607.3,fta-miR167a-5p,-13.9,VSTM2L
NM_006015.6,fta-miR167a-5p,-13.81,ARID1A
NM_001032287.3,fta-miR167a-5p,-13.8,NR2C1
NM_001320100.2,fta-miR167a-5p,-13.8,CRADD
NM_000787.4,fta-miR167a-5p,-13.79,DBH
NM_001317724.2,fta-miR167a-5p,-13.79,NOL7
NM_001300883.3,fta-miR167a-5p,-13.77,ZNF426
NM_000587.4,fta-miR167a-5p,-13.76,C7
NM_001386500.1,fta-miR167a-5p,-13.76,MTOR
NM_005198.5,fta-miR167a-5p,-13.73,CHKB
NM_001134462.2,fta-miR167a-5p,-13.72,NOTO
NM_024870.4,fta-miR167a-5p,-13.71,PREX2
NM_001105541.2,fta-miR167a-5p,-13.64,NEFM
NM_001003683.3,fta-miR167a-5p,-13.63,PDE1A
NM_001010935.3,fta-miR167a-5p,-13.63,RAP1A
NR_038424.1,fta-miR167a-5p,-13.62,GS1-279B7.1
NM_001943.5,fta-miR167a-5p,-13.59,DSG2
NM_030919.3,fta-miR167a-5p,-13.57,FAM83D
NM_014739.3,fta-miR167a-5p,-13.55,BCLAF1
NM_004300.4,fta-miR167a-5p,-13.53,ACP1
NM_020135.3,fta-miR167a-5p,-13.51,WRNIP1
NM_214711.4,fta-miR167a-5p,-13.49,PRR27
NM_001081461.2,fta-miR167a-5p,-13.45,JMJD6
NM_001377334.1,fta-miR167a-5p,-13.42,PIK3C2B
NM_000466.3,fta-miR167a-5p,-13.41,PEX1
NM_001282143.2,fta-miR167a-5p,-13.41,NLRX1
NM_001017920.3,fta-miR167a-5p,-13.37,DAPL1
NM_001352825.2,fta-miR167a-5p,-13.37,PLEKHM1
NM_001277061.2,fta-miR167a-5p,-13.36,MFF
NM_001282468.3,fta-miR167a-5p,-13.36,GOLGA8M
NM_017445.3,fta-miR167a-5p,-13.33,H2BC12L
NM_001080396.3,fta-miR167a-5p,-13.32,NALF1
NM_001040152.2,fta-miR167a-5p,-13.23,PEG10
NM_001324095.2,fta-miR167a-5p,-13.23,COLEC10
NM_133497.4,fta-miR167a-5p,-13.21,KCNV2
NM_001166222.2,fta-miR167a-5p,-13.2,CARNS1
NM_001297609.2,fta-miR167a-5p,-13.18,MAP3K6
NM_001002917.2,fta-miR167a-5p,-13.17,OR8D1
NM_032818.3,fta-miR167a-5p,-13.15,ARHGEF39
NM_022064.5,fta-miR159-3p,-20.64,RNF123
NM_000738.3,fta-miR159-3p,-20.35,CHRM1
NM_145168.3,fta-miR159-3p,-19.87,SDR42E1
NR_038325.1,fta-miR159-3p,-19.62,LINC01541
NM_001276468.2,fta-miR159-3p,-19.43,B4GALNT1
NM_001267798.2,fta-miR159-3p,-19.13,PTPRC
NM_001171195.2,fta-miR159-3p,-18.98,ELAVL2
NM_001170637.4,fta-miR159-3p,-18.89,SRGAP2
NM_032726.4,fta-miR159-3p,-18.84,PLCD4
NM_001256613.2,fta-miR159-3p,-18.41,HTR3E
NM_001282795.2,fta-miR159-3p,-18.22,ZNF7
NM_000723.5,fta-miR159-3p,-18.19,CACNB1
NM_001105562.3,fta-miR159-3p,-18.02,UBE4B
NM_021071.4,fta-miR159-3p,-17.95,ART4
NM_001282189.2,fta-miR159-3p,-17.88,UBXN8
NM_001130963.2,fta-miR159-3p,-17.65,NEMP1
NM_005266.7,fta-miR159-3p,-17.62,GJA5
NM_001553.3,fta-miR159-3p,-17.59,IGFBP7
NM_024807.4,fta-miR159-3p,-17.53,TREML2
NM_001146683.2,fta-miR159-3p,-17.52,TMEM253
NM_001303472.2,fta-miR159-3p,-17.35,ANKEF1
NM_001363502.2,fta-miR159-3p,-17.35,POGLUT3
NM_006093.4,fta-miR159-3p,-17.33,PRG3
NM_001135811.2,fta-miR159-3p,-17.29,SINHCAF
NM_001085458.2,fta-miR159-3p,-17,CTNND1
NM_001143854.2,fta-miR159-3p,-16.95,RPH3A
NM_001304797.2,fta-miR159-3p,-16.9,CCDC134
NM_001318156.2,fta-miR159-3p,-16.83,AQP7
NM_003527.4,fta-miR159-3p,-16.72,H2BC17
NM_001351089.2,fta-miR159-3p,-16.67,IKZF4
NM_198483.4,fta-miR159-3p,-16.59,RUFY4
NM_001370346.1,fta-miR159-3p,-16.49,AKAP12
NM_001378270.1,fta-miR159-3p,-16.45,ZNF385C
NM_181610.3,fta-miR159-3p,-16.39,KRTAP19-4
NM_001135670.3,fta-miR159-3p,-16.33,MSRA
NM_032242.4,fta-miR159-3p,-16.3,PLXNA1
NM_000324.3,fta-miR159-3p,-16.29,RHAG
NM_001393898.1,fta-miR159-3p,-16.26,SEM1
NM_001198910.2,fta-miR159-3p,-16.25,CCDC169-SOHLH2
NM_000890.5,fta-miR159-3p,-16.24,KCNJ5
NM_001395506.1,fta-miR159-3p,-16.21,WFDC5
NM_053045.2,fta-miR159-3p,-16.1,TMEM203
NM_001130991.3,fta-miR159-3p,-16.07,HYOU1
NM_001145125.2,fta-miR159-3p,-16.07,MKRN1
NM_001252065.2,fta-miR159-3p,-16.05,SYT7
NM_001199633.2,fta-miR159-3p,-16.04,SLC28A3
NM_001198862.2,fta-miR159-3p,-15.97,PACC1
NM_001145308.5,fta-miR159-3p,-15.96,LRTOMT
NM_004498.4,fta-miR159-3p,-15.91,ONECUT1
NM_006645.3,fta-miR159-3p,-15.91,STARD10
NR_027181.1,fta-miR159-3p,-15.89,LINC01101
NM_020672.3,fta-miR159-3p,-15.84,S100A14
NM_001330450.2,fta-miR159-3p,-15.82,MAP2K6
NM_021939.4,fta-miR159-3p,-15.82,FKBP10
NM_032109.3,fta-miR159-3p,-15.76,OTP
NM_001320408.2,fta-miR159-3p,-15.75,ATP23
NM_003221.4,fta-miR159-3p,-15.75,TFAP2B
NM_003047.5,fta-miR159-3p,-15.7,SLC9A1
NM_001305017.2,fta-miR159-3p,-15.69,DYNLRB2
NM_001329429.2,fta-miR159-3p,-15.6,TP53INP2
NR_172508.1,fta-miR159-3p,-15.53,C17orf114
NM_002272.4,fta-miR159-3p,-15.52,KRT4
NM_001099666.2,fta-miR159-3p,-15.47,PTAR1
NM_001278623.1,fta-miR159-3p,-15.46,NFXL1
NM_001320663.2,fta-miR159-3p,-15.44,SHROOM2
NM_001320768.2,fta-miR159-3p,-15.44,CYYR1
NM_020660.3,fta-miR159-3p,-15.42,GJD2
NM_001144825.2,fta-miR159-3p,-15.4,RUNDC3A
NM_145657.3,fta-miR159-3p,-15.36,GSX1
NM_000638.4,fta-miR159-3p,-15.34,VTN
NM_016134.4,fta-miR159-3p,-15.34,CPQ
NM_033329.2,fta-miR159-3p,-15.28,SIGLEC12
NM_001282902.3,fta-miR159-3p,-15.2,TRPS1
NM_001113490.2,fta-miR159-3p,-15.16,AMOT
NM_080748.3,fta-miR159-3p,-15.14,ROMO1
NM_001382421.1,fta-miR159-3p,-15.09,CGB1
NM_001128159.3,fta-miR159-3p,-15.05,VPS53
NM_004092.4,fta-miR159-3p,-15.02,ECHS1
NM_001410719.1,fta-miR159-3p,-14.94,CCDC174
NM_001312673.2,fta-miR159-3p,-14.92,PCYT1A
NM_153840.4,fta-miR159-3p,-14.87,ADGRF1
NM_001143974.3,fta-miR159-3p,-14.86,ASAH2
NM_015621.3,fta-miR159-3p,-14.86,CCDC69
NM_001013403.3,fta-miR159-3p,-14.84,CXorf66
NM_001321770.2,fta-miR159-3p,-14.84,SULT1C4
NM_001032221.6,fta-miR159-3p,-14.76,STXBP1
NM_001378599.1,fta-miR159-3p,-14.76,NFILZ
NR_145421.1,fta-miR159-3p,-14.76,LINC01931
NM_001303256.3,fta-miR159-3p,-14.73,MORC2
NM_006942.2,fta-miR159-3p,-14.71,SOX15
NM_003519.4,fta-miR159-3p,-14.7,H2BC13
NM_001198621.4,fta-miR159-3p,-14.68,XIRP1
NM_003059.3,fta-miR159-3p,-14.65,SLC22A4
NM_020999.4,fta-miR159-3p,-14.64,NEUROG3
NM_181449.3,fta-miR159-3p,-14.63,CD300E
NM_001193478.2,fta-miR159-3p,-14.6,CDADC1
NM_001318144.2,fta-miR159-3p,-14.56,AQP3
NM_001353684.2,fta-miR159-3p,-14.56,TIAM1
NM_001143985.1,fta-miR159-3p,-14.53,BANF1
NM_031950.4,fta-miR159-3p,-14.53,FGFBP2
NM_001289905.2,fta-miR408a-3p,-25.98,IL17RA
NM_001258320.2,fta-miR408a-3p,-25.17,TP53I11
NR_033854.1,fta-miR408a-3p,-24.88,TNS2-AS1
NM_001278784.2,fta-miR408a-3p,-24.71,SLC35B1
NM_001190724.4,fta-miR408a-3p,-24.14,ATAT1
NM_001411075.1,fta-miR408a-3p,-24.08,PSG9
NM_001136540.2,fta-miR408a-3p,-23.82,APOL1
NM_001199280.2,fta-miR408a-3p,-23.43,HAS3
NM_145691.4,fta-miR408a-3p,-23.07,ATPAF2
NM_001134398.2,fta-miR408a-3p,-22.91,VAV2
NM_001278495.2,fta-miR408a-3p,-22.07,NUTM2B
NM_001099338.2,fta-miR408a-3p,-22.03,NUTM2A
NM_153235.4,fta-miR408a-3p,-21.98,TXLNB
NM_001282477.2,fta-miR408a-3p,-21.95,TMEM210
NM_181710.4,fta-miR408a-3p,-21.82,ZNRF4
NM_002591.4,fta-miR408a-3p,-21.77,PCK1
NR_169625.1,fta-miR408a-3p,-21.57,PRSS33
NM_001308097.2,fta-miR408a-3p,-21.52,G2E3
NM_001193646.2,fta-miR408a-3p,-21.49,ATF5
NM_002256.4,fta-miR408a-3p,-21.43,KISS1
NM_173642.4,fta-miR408a-3p,-21.43,RIMKLA
NM_001304433.1,fta-miR408a-3p,-21.41,ADPRHL1
NM_001290265.2,fta-miR408a-3p,-21.13,CERS1
NR_104147.1,fta-miR408a-3p,-21.13,MLF1-DT
NM_001355263.2,fta-miR408a-3p,-21.02,NUTM2E
NM_001329684.2,fta-miR408a-3p,-20.97,OARD1
NM_001163435.3,fta-miR408a-3p,-20.77,TBCK
NM_001386800.1,fta-miR408a-3p,-20.68,THSD8
NM_001001557.4,fta-miR408a-3p,-20.57,GDF6
NM_001198989.2,fta-miR408a-3p,-20.53,NFS1
NM_001040110.2,fta-miR408a-3p,-20.39,NRF1
NM_000683.4,fta-miR408a-3p,-20.33,ADRA2C
NM_005544.3,fta-miR408a-3p,-20.32,IRS1
NM_015346.4,fta-miR408a-3p,-20.31,ZFYVE26
NM_001029896.2,fta-miR408a-3p,-20.23,WDR45
NM_001390830.1,fta-miR408a-3p,-20.16,ADCY6
NM_001385110.1,fta-miR408a-3p,-20.14,STAT2
NR_027471.1,fta-miR408a-3p,-20.12,LINC02893
NM_001301101.2,fta-miR408a-3p,-20.1,PPCDC
NM_001321298.2,fta-miR408a-3p,-20.06,SLC25A41
NM_001127380.3,fta-miR408a-3p,-20.03,SAA2
NM_006579.3,fta-miR408a-3p,-20.03,EBP
NM_001199865.2,fta-miR408a-3p,-19.95,KIF16B
NM_001318792.1,fta-miR408a-3p,-19.89,TMEM63B
NM_005547.4,fta-miR408a-3p,-19.81,IVL
NM_001098794.2,fta-miR408a-3p,-19.77,FHIP1B
NR_131243.2,fta-miR408a-3p,-19.74,SMCR2
NM_012158.4,fta-miR408a-3p,-19.67,FBXL3
NM_001040709.2,fta-miR408a-3p,-19.65,SYPL2
NM_001330110.2,fta-miR408a-3p,-19.61,CYB5D1
NM_007238.5,fta-miR408a-3p,-19.57,PXMP4
NR_138070.2,fta-miR408a-3p,-19.55,DYNLT2
NM_001378492.1,fta-miR408a-3p,-19.52,CLDN16
NM_001364674.2,fta-miR408a-3p,-19.5,MBD3L2B
NM_001278682.2,fta-miR408a-3p,-19.49,TGIF1
NR_120444.1,fta-miR408a-3p,-19.48,LINC02743
NR_003945.1,fta-miR408a-3p,-19.47,GVINP1
NM_001145099.2,fta-miR408a-3p,-19.38,SLC2A6
NM_000766.5,fta-miR408a-3p,-19.34,CYP2A13
NM_001171155.2,fta-miR408a-3p,-19.32,PET100
NM_001420.4,fta-miR408a-3p,-19.31,ELAVL3
NM_138316.4,fta-miR408a-3p,-19.29,PANK1
NM_001195278.2,fta-miR408a-3p,-19.19,TMEM178B
NM_001047160.3,fta-miR408a-3p,-19.11,NET1
NM_001282856.2,fta-miR408a-3p,-19.01,GON4L
NM_001379313.1,fta-miR408a-3p,-19.01,SRPRB
NM_006235.3,fta-miR408a-3p,-19.01,POU2AF1
NM_001319085.2,fta-miR408a-3p,-18.96,ARID5A
NM_001029883.3,fta-miR408a-3p,-18.91,PCARE
NM_001290049.2,fta-miR408a-3p,-18.88,USO1
NM_001143912.2,fta-miR408a-3p,-18.84,FAM76A
NM_001251882.2,fta-miR408a-3p,-18.84,VIPR1
NM_018674.6,fta-miR408a-3p,-18.81,ASIC4
NM_001039500.3,fta-miR408a-3p,-18.79,VWA5B1
NM_002547.3,fta-miR408a-3p,-18.79,OPHN1
NR_033407.1,fta-miR408a-3p,-18.79,CTSLP2
NM_001720.5,fta-miR408a-3p,-18.75,BMP8B
NM_012479.4,fta-miR408a-3p,-18.73,YWHAG
NM_001271749.2,fta-miR408a-3p,-18.7,C5AR2
NM_001105521.4,fta-miR408a-3p,-18.64,JAKMIP3
NM_001354927.2,fta-miR408a-3p,-18.61,VCP
NM_001297624.2,fta-miR408a-3p,-18.57,ZNF480
NM_001207012.1,fta-miR408a-3p,-18.56,PGF
NM_001085049.3,fta-miR408a-3p,-18.55,MRAS
NR_120641.1,fta-miR408a-3p,-18.55,LNCAROD
NR_046721.1,fta-miR408a-3p,-18.54,STEAP3-AS1
NM_014460.4,fta-miR408a-3p,-18.41,CSDC2
NM_001166018.2,fta-miR408a-3p,-18.39,POU6F2
NM_001177716.2,fta-miR408a-3p,-18.28,KLF11
NM_001369201.2,fta-miR408a-3p,-18.26,SMIM38
NM_003654.6,fta-miR408a-3p,-18.26,CHST1
NM_001937.5,fta-miR408a-3p,-18.23,DPT
NM_001282564.2,fta-miR408a-3p,-18.2,MACO1
NM_001145165.2,fta-miR408a-3p,-18.16,DOHH
NR_134970.2,fta-miR408a-3p,-18.16,DNPEP
NM_001129889.3,fta-miR408a-3p,-18.15,DCT
NM_001143996.2,fta-miR408a-3p,-18.14,OGDHL
NM_001098524.2,fta-miR408a-3p,-18.13,NIBAN3
NM_001300780.2,fta-miR408a-3p,-18.12,SEMA6A
NM_001308154.2,fta-miR408a-3p,-18.11,RAB15
NM_001130852.1,fta-miR166a-3p,-22.58,CBLC
NM_006339.3,fta-miR166a-3p,-21.88,HMG20B
NM_004283.4,fta-miR166a-3p,-21.43,RAB3D
NR_106803.1,fta-miR166a-3p,-21.2,MIR6745
NM_001160305.4,fta-miR166a-3p,-21.01,SETD6
NM_001010982.5,fta-miR166a-3p,-20.95,AFMID
NR_168439.1,fta-miR166a-3p,-20.62,OTULIN-DT
NM_025218.4,fta-miR166a-3p,-20.59,ULBP1
NM_001330561.2,fta-miR166a-3p,-20.53,HNF4G
NM_001377351.1,fta-miR166a-3p,-19.89,NKIRAS1
NM_024518.3,fta-miR166a-3p,-19.77,ULBP3
NM_001257386.2,fta-miR166a-3p,-19.76,ABCG2
NM_001164749.2,fta-miR166a-3p,-19.65,NPAS3
NM_001166050.2,fta-miR166a-3p,-19.57,APBB2
NM_001346810.2,fta-miR166a-3p,-19.47,DLGAP2
NM_001085454.2,fta-miR166a-3p,-19.45,GIT1
NM_001040152.2,fta-miR166a-3p,-19.32,PEG10
NM_001111018.2,fta-miR166a-3p,-19.14,NAV2
NM_001301140.1,fta-miR166a-3p,-19.09,ISCU
NM_001161661.2,fta-miR166a-3p,-19.02,WWC1
NM_001135047.2,fta-miR166a-3p,-18.96,JDP2
NM_001369806.1,fta-miR166a-3p,-18.95,HIPK1
NM_001114937.3,fta-miR166a-3p,-18.68,SH2D1A
NM_021807.4,fta-miR166a-3p,-18.63,EXOC4
NR_046531.1,fta-miR166a-3p,-18.62,SPATA13-AS1
NR_038231.1,fta-miR166a-3p,-18.5,LINC01114
NM_001411010.1,fta-miR166a-3p,-18.23,HECTD1
NM_006221.4,fta-miR166a-3p,-18.12,PIN1
NM_005761.3,fta-miR166a-3p,-18.09,PLXNC1
NM_006822.3,fta-miR166a-3p,-18.09,RAB40B
NM_001005471.2,fta-miR166a-3p,-18.06,OR2T6
NM_001351446.2,fta-miR166a-3p,-18.04,IL1RL2
NM_001199797.2,fta-miR166a-3p,-18.03,PTPN7
NM_000626.4,fta-miR166a-3p,-17.94,CD79B
NM_016235.3,fta-miR166a-3p,-17.87,GPRC5B
NM_001100425.2,fta-miR166a-3p,-17.8,MATCAP2
NM_181710.4,fta-miR166a-3p,-17.74,ZNRF4
NM_001025087.2,fta-miR166a-3p,-17.64,CELF4
NM_182498.4,fta-miR166a-3p,-17.57,ZNF428
NM_015964.4,fta-miR166a-3p,-17.39,TPPP3
NM_001278322.2,fta-miR166a-3p,-17.35,MOBP
NM_001375888.1,fta-miR166a-3p,-17.33,FBXW2
NM_001135598.2,fta-miR166a-3p,-17.29,CLHC1
NR_147899.2,fta-miR166a-3p,-17.29,EML2
NM_002591.4,fta-miR166a-3p,-17.23,PCK1
NM_001282476.2,fta-miR166a-3p,-17.15,APPBP2
NM_030812.3,fta-miR166a-3p,-17.13,ACTL8
NR_110901.1,fta-miR166a-3p,-17.13,GLIS2-AS1
NR_136252.1,fta-miR166a-3p,-17.13,DMTF1-AS1
NM_005507.3,fta-miR166a-3p,-17.11,CFL1
NM_004654.4,fta-miR166a-3p,-16.84,TTTY15
NM_004654.4,fta-miR166a-3p,-16.84,USP9Y
NM_203374.2,fta-miR166a-3p,-16.83,ZNF784
NM_001394062.1,fta-miR166a-3p,-16.82,MACF1
NM_004103.4,fta-miR166a-3p,-16.82,PTK2B
NM_001113182.3,fta-miR166a-3p,-16.8,BRD2
NM_001136195.2,fta-miR166a-3p,-16.79,TNPO2
NM_173050.5,fta-miR166a-3p,-16.75,SCUBE1
NM_000745.4,fta-miR166a-3p,-16.68,CHRNA5
NM_004229.4,fta-miR166a-3p,-16.68,MED14
NR_104183.1,fta-miR166a-3p,-16.6,VASH1-AS1
NM_001173531.3,fta-miR166a-3p,-16.58,POU5F1
NM_001261464.2,fta-miR166a-3p,-16.56,ADAM15
NM_001329613.2,fta-miR166a-3p,-16.54,SNAPC5
NM_001290046.2,fta-miR166a-3p,-16.48,CECR2
NM_001002847.4,fta-miR166a-3p,-16.46,DERPC
NM_001039690.5,fta-miR166a-3p,-16.46,CHTF8
NM_199511.3,fta-miR166a-3p,-16.43,CCDC80
NM_000555.3,fta-miR166a-3p,-16.36,DCX
NM_006612.6,fta-miR166a-3p,-16.34,KIF1C
NR_160413.1,fta-miR166a-3p,-16.31,IGSF22
NM_001395745.1,fta-miR166a-3p,-16.29,POU5F1B
NM_001025160.3,fta-miR166a-3p,-16.27,ADGRE5
NM_014331.4,fta-miR166a-3p,-16.27,SLC7A11
NR_039978.1,fta-miR166a-3p,-16.16,SEC24B-AS1
NM_175062.4,fta-miR166a-3p,-16.15,RASGEF1C
NM_013376.4,fta-miR166a-3p,-16.14,SERTAD1
NR_047551.1,fta-miR166a-3p,-16.09,EGFR-AS1
NR_073154.1,fta-miR166a-3p,-16.06,OBSCN-AS1
NR_163138.1,fta-miR166a-3p,-16.04,PRAG1
NM_014867.3,fta-miR166a-3p,-16.03,KBTBD11
NM_001017970.3,fta-miR166a-3p,-16.02,TMEM30B
NR_110398.1,fta-miR166a-3p,-15.97,PABPC1L2B-AS1
NM_001006941.2,fta-miR166a-3p,-15.95,ALG3
NM_001300780.2,fta-miR166a-3p,-15.94,SEMA6A
NM_004246.3,fta-miR166a-3p,-15.93,GLP2R
NM_001363087.2,fta-miR166a-3p,-15.92,JHY
NM_025196.4,fta-miR166a-3p,-15.92,GRPEL1
NM_001174136.2,fta-miR166a-3p,-15.9,TDGF1
NM_000129.4,fta-miR166a-3p,-15.88,F13A1
NM_001723.7,fta-miR166a-3p,-15.88,DST
NM_018176.4,fta-miR166a-3p,-15.86,LGI2
NM_001010863.4,fta-miR166a-3p,-15.84,TMEM273
NM_001286219.2,fta-miR166a-3p,-15.84,TMEM132B
NR_144458.1,fta-miR166a-3p,-15.76,ZFY-AS1
NM_001329920.2,fta-miR166a-3p,-15.71,VSIG2
NM_031918.4,fta-miR166a-3p,-15.66,KLF16
NM_001102614.2,fta-miR166a-3p,-15.64,SLC35G6
NM_001242875.3,fta-miR166a-3p,-15.64,ELP2
NM_024877.4,fta-miR166a-3p,-15.64,CCNP
NM_001166425.2,fta-miR168a-5p,-23.47,GNAI2
NM_182700.6,fta-miR168a-5p,-23.06,SP8
NR_110147.1,fta-miR168a-5p,-22.73,LINC02016
NR_024470.1,fta-miR168a-5p,-22.31,SLCO4A1-AS1
NM_001042724.2,fta-miR168a-5p,-22.1,NECTIN2
NM_001270440.2,fta-miR168a-5p,-21.94,RTBDN
NM_000486.6,fta-miR168a-5p,-21.92,AQP2
NM_001159508.3,fta-miR168a-5p,-21.81,IVD
NM_005854.3,fta-miR168a-5p,-21.56,RAMP2
NM_172000.4,fta-miR168a-5p,-21.55,TEDDM1
NM_000836.4,fta-miR168a-5p,-21.46,GRIN2D
NM_001321150.2,fta-miR168a-5p,-21.38,USF2
NM_178536.4,fta-miR168a-5p,-21.22,LCN12
NM_001105562.3,fta-miR168a-5p,-21.17,UBE4B
NM_001145011.2,fta-miR168a-5p,-21.14,C16orf96
NM_001323971.2,fta-miR168a-5p,-21.1,SLC9A5
NM_001313941.2,fta-miR168a-5p,-21,RHOA
NM_000296.4,fta-miR168a-5p,-20.94,PKD1
NM_001379500.1,fta-miR168a-5p,-20.79,COL18A1
NR_029434.1,fta-miR168a-5p,-20.74,PSMA3-AS1
NM_001286429.2,fta-miR168a-5p,-20.68,THSD4
NR_034149.1,fta-miR168a-5p,-20.64,LINC00656
NM_001199687.3,fta-miR168a-5p,-20.58,EDA2R
NM_001099666.2,fta-miR168a-5p,-20.55,PTAR1
NM_001321053.2,fta-miR168a-5p,-20.49,SRGN
NM_001168407.2,fta-miR168a-5p,-20.33,RIMS1
NM_152744.4,fta-miR168a-5p,-20.07,SDK1
NM_001282564.2,fta-miR168a-5p,-20.03,MACO1
NR_146872.2,fta-miR168a-5p,-19.97,KHDRBS2
NM_001048222.3,fta-miR168a-5p,-19.92,DBNDD2
NM_001199763.2,fta-miR168a-5p,-19.85,PTPRN
NM_001145415.2,fta-miR168a-5p,-19.81,SETDB1
NM_173854.6,fta-miR168a-5p,-19.75,SLC41A1
NM_000207.3,fta-miR168a-5p,-19.71,INS
NM_001031695.4,fta-miR168a-5p,-19.58,RBFOX2
NM_001163812.2,fta-miR168a-5p,-19.58,TWNK
NM_001201407.2,fta-miR168a-5p,-19.56,ZNF778
NM_000548.5,fta-miR168a-5p,-19.52,TSC2
NM_031430.3,fta-miR168a-5p,-19.5,RILP
NM_025248.3,fta-miR168a-5p,-19.31,SRCIN1
NM_024949.6,fta-miR168a-5p,-19.28,WWC2
NM_001129778.3,fta-miR168a-5p,-19.14,GRAPL
NM_001098515.2,fta-miR168a-5p,-19.12,MRGPRF
NM_001010846.3,fta-miR168a-5p,-19.06,SHE
NR_110561.1,fta-miR168a-5p,-19.04,DDX11L10
NM_001039477.3,fta-miR168a-5p,-18.99,THEMIS2
NM_001134382.3,fta-miR168a-5p,-18.97,IQSEC1
NM_001265589.2,fta-miR168a-5p,-18.96,RTN3
NM_001005336.3,fta-miR168a-5p,-18.93,DNM1
NM_001241.4,fta-miR168a-5p,-18.85,CCNT2
NM_138433.5,fta-miR168a-5p,-18.83,KLHDC7B
NM_001256486.2,fta-miR168a-5p,-18.82,GOLGB1
NM_001385040.1,fta-miR168a-5p,-18.82,TEX9
NM_001376227.1,fta-miR168a-5p,-18.81,KAT2A
NR_110230.2,fta-miR168a-5p,-18.81,MYCNOS
NM_001303012.2,fta-miR168a-5p,-18.78,PLCH2
NR_029451.2,fta-miR168a-5p,-18.73,LINC00477
NM_003036.4,fta-miR168a-5p,-18.72,SKI
NM_032178.3,fta-miR168a-5p,-18.72,SLC7A6OS
NM_015002.3,fta-miR168a-5p,-18.7,FBXO21
NM_000744.7,fta-miR168a-5p,-18.69,CHRNA4
NM_006142.5,fta-miR168a-5p,-18.65,SFN
NM_015329.4,fta-miR168a-5p,-18.56,MAU2
NM_006517.5,fta-miR168a-5p,-18.47,SLC16A2
NM_001130064.2,fta-miR168a-5p,-18.44,GAP43
NM_033092.4,fta-miR168a-5p,-18.42,TRIM5
NR_109893.1,fta-miR168a-5p,-18.38,LINC01430
NR_109893.1,fta-miR168a-5p,-18.38,LINC01620
NM_001282386.1,fta-miR168a-5p,-18.37,IDH1
NM_001039503.3,fta-miR168a-5p,-18.36,PRSS53
NM_053049.4,fta-miR168a-5p,-18.34,UCN3
NM_001123387.1,fta-miR168a-5p,-18.31,KRTAP2-1
NM_004588.5,fta-miR168a-5p,-18.23,SCN2B
NM_020897.3,fta-miR168a-5p,-18.23,HCN3
NM_001267594.2,fta-miR168a-5p,-18.22,SENP1
NR_047493.1,fta-miR168a-5p,-18.22,LINC00563
NR_103848.1,fta-miR168a-5p,-18.22,CASC9
NM_000346.4,fta-miR168a-5p,-18.21,SOX9
NM_001207011.2,fta-miR168a-5p,-18.21,CNTFR
NM_015994.4,fta-miR168a-5p,-18.18,ATP6V1D
NM_001290129.2,fta-miR168a-5p,-18.17,POMGNT1
NM_001311197.2,fta-miR168a-5p,-18.16,RLN3
NM_152492.3,fta-miR168a-5p,-18.11,CCDC27
NM_001137604.3,fta-miR168a-5p,-18.09,POLR1B
NM_001302453.1,fta-miR168a-5p,-18.09,ODAD3
NM_001286059.2,fta-miR168a-5p,-18.03,RAB30
NM_001363482.1,fta-miR168a-5p,-17.97,BCAP29
NR_047511.1,fta-miR168a-5p,-17.91,AIRN
NM_001258210.2,fta-miR168a-5p,-17.88,TSKU
NM_001042685.3,fta-miR168a-5p,-17.86,LGALS9B
NM_001243080.2,fta-miR168a-5p,-17.8,ELF5
NM_152481.2,fta-miR168a-5p,-17.8,FAM187B
NR_045962.2,fta-miR168a-5p,-17.79,KRT8
NM_000376.3,fta-miR168a-5p,-17.78,VDR
NM_001365103.2,fta-miR168a-5p,-17.78,ERFL
NM_017877.4,fta-miR168a-5p,-17.78,SLC35F6
NM_001362438.2,fta-miR168a-5p,-17.77,CDH7
NM_001077657.3,fta-miR168a-5p,-17.74,SMCO1
NM_005746.3,fta-miR168a-5p,-17.72,NAMPT
NM_001286357.2,fta-miR168a-5p,-17.71,PRM2
